Peak Date,Peak Total Cash,Peak Close Price,Minima Date,Minima Total Cash,Minima Close Price
2023-01-04 13:15:00+05:30,100265.6897,1506.949951,2023-01-05 09:15:00+05:30,99782.24295,1492.300049
2023-01-05 10:15:00+05:30,99833.39053,1493.849976,2023-01-05 13:15:00+05:30,99077.68973,1470.949951
2023-01-05 15:15:00+05:30,99231.14053,1475.599976,2023-01-06 10:15:00+05:30,98607.43973,1456.699951
2023-01-06 11:15:00+05:30,98610.74295,1456.800049,2023-01-06 14:15:00+05:30,98336.84134,1448.5
2023-01-09 11:15:00+05:30,99650.24295,1488.300049,2023-01-09 12:15:00+05:30,99500.09134,1483.75
2023-01-09 13:15:00+05:30,99551.24295,1485.300049,2023-01-09 15:15:00+05:30,99132.09839,1484.400024
2023-01-10 09:15:00+05:30,99182.69678,1463,2023-01-10 10:15:00+05:30,99041.99841,1460.900024
2023-01-10 11:15:00+05:30,99256.39514,1464.099976,2023-01-10 12:15:00+05:30,99236.30005,1463.800049
2023-01-11 09:15:00+05:30,100807.4468,1487.25,2023-01-11 14:15:00+05:30,99655.05005,1470.050049
2023-01-11 15:15:00+05:30,99735.44678,1471.25,2023-01-12 09:15:00+05:30,99102.30005,1461.800049
2023-01-12 10:15:00+05:30,99851.04346,1463.5,2023-01-12 11:15:00+05:30,98742.64673,1468.800049
2023-01-12 13:15:00+05:30,99127.89673,1474.550049,2023-01-12 14:15:00+05:30,98052.64185,1480.599976
2023-01-12 15:15:00+05:30,98234.14185,1483.349976,2023-01-13 09:15:00+05:30,97689.64185,1475.099976
2023-01-16 10:15:00+05:30,101483.6951,1522.849976,2023-01-16 11:15:00+05:30,101127.2935,1517.449951
2023-01-16 12:15:00+05:30,101556.2935,1523.949951,2023-01-16 13:15:00+05:30,101361.5967,1521
2023-01-16 14:15:00+05:30,101698.1951,1526.099976,2023-01-16 15:15:00+05:30,101543.0967,1523.75
2023-01-17 09:15:00+05:30,102397.7935,1536.699951,2023-01-17 10:15:00+05:30,102212.9983,1533.900024
2023-01-17 11:15:00+05:30,102414.2935,1536.949951,2023-01-17 12:15:00+05:30,102282.2935,1534.949951
2023-01-17 14:15:00+05:30,102605.6951,1539.849976,2023-01-17 15:15:00+05:30,102536.3999,1538.800049
2023-01-18 11:15:00+05:30,103146.8999,1548.050049,2023-01-18 12:15:00+05:30,103090.7935,1547.199951
2023-01-18 13:15:00+05:30,103235.9983,1549.400024,2023-01-18 15:15:00+05:30,102929.0967,1544.75
2023-01-19 09:15:00+05:30,103472.2,1529.800049,2023-01-19 11:15:00+05:30,102948.8999,1545.050049
2023-01-19 12:15:00+05:30,102995.0967,1545.75,2023-01-20 09:15:00+05:30,102285.5967,1535
2023-01-20 10:15:00+05:30,102358.1951,1536.099976,2023-01-20 11:15:00+05:30,102120.5967,1532.5
2023-01-20 12:15:00+05:30,102189.8999,1533.550049,2023-01-20 14:15:00+05:30,101638.7935,1525.199951
2023-01-23 13:15:00+05:30,102623.6652,1551.5,2023-01-23 15:15:00+05:30,102541.1652,1549
2023-01-24 10:15:00+05:30,103275.5967,1562.5,2023-01-25 11:15:00+05:30,99123.39355,1546.449951
2023-01-25 13:15:00+05:30,99289.7998,1549.050049,2023-01-27 13:15:00+05:30,97024.19824,1513.650024
2023-01-27 14:15:00+05:30,97297.76947,1521.550049,2023-01-27 15:15:00+05:30,97203.36713,1518.599976
2023-01-30 11:15:00+05:30,97776.16791,1536.5,2023-01-30 12:15:00+05:30,97595.36713,1530.849976
2023-01-30 13:15:00+05:30,97886.56634,1539.949951,2023-01-31 09:15:00+05:30,97094.56634,1515.199951
2023-01-31 12:15:00+05:30,97331.39355,1522.449951,2023-01-31 13:15:00+05:30,97303.04663,1522
2023-02-01 12:15:00+05:30,100074.3635,1551.25,2023-02-01 13:15:00+05:30,99800.76194,1542.699951
2023-02-01 14:15:00+05:30,100149.8435,1552.900024,2023-02-01 15:15:00+05:30,99708.24194,1546
2023-02-02 10:15:00+05:30,100329.4435,1580.400024,2023-02-02 12:15:00+05:30,100049.0889,1575.949951
2023-02-02 14:15:00+05:30,100716.895,1586.550049,2023-02-02 15:15:00+05:30,100540.4919,1583.75
2023-02-03 09:15:00+05:30,100902.7419,1589.5,2023-02-03 10:15:00+05:30,100871.2419,1589
2023-02-03 12:15:00+05:30,101453.9919,1598.25,2023-02-03 13:15:00+05:30,101249.2419,1595
2023-02-06 09:15:00+05:30,101621.8435,1575.900024,2023-02-06 11:15:00+05:30,100994.6404,1566.099976
2023-02-06 13:15:00+05:30,101333.8435,1571.400024,2023-02-06 15:15:00+05:30,100924.2419,1565
2023-02-07 10:15:00+05:30,101378.6404,1572.099976,2023-02-07 12:15:00+05:30,100706.6404,1561.599976
2023-02-07 13:15:00+05:30,101049.0388,1566.949951,2023-02-07 14:15:00+05:30,100652.2419,1560.75
2023-02-08 11:15:00+05:30,103001.0388,1599.75,2023-02-08 14:15:00+05:30,102303.4373,1588.849976
2023-02-09 12:15:00+05:30,103013.8357,1599.949951,2023-02-09 13:15:00+05:30,102024.9904,1609.650024
2023-02-09 14:15:00+05:30,102588.8373,1618.599976,2023-02-10 09:15:00+05:30,101823.3857,1606.449951
2023-02-10 10:15:00+05:30,102330.5388,1614.5,2023-02-10 13:15:00+05:30,101911.5873,1607.849976
2023-02-10 14:15:00+05:30,102050.1919,1610.050049,2023-02-13 09:15:00+05:30,101241.0388,1572.25
2023-02-13 10:15:00+05:30,101509.8357,1576.449951,2023-02-13 14:15:00+05:30,100905.0388,1567
2023-02-14 10:15:00+05:30,102298.6053,1594.5,2023-02-14 11:15:00+05:30,102265.0037,1593.449951
2023-02-14 12:15:00+05:30,102290.6053,1594.25,2023-02-14 13:15:00+05:30,102173.8045,1590.599976
2023-02-14 14:15:00+05:30,102247.406,1592.900024,2023-02-15 09:15:00+05:30,102049.0037,1586.699951
2023-02-15 10:15:00+05:30,102165.8357,1588.900024,2023-02-15 11:15:00+05:30,101967.4373,1585.800049
2023-02-15 15:15:00+05:30,102687.4373,1597.050049,2023-02-16 09:15:00+05:30,101824.3311,1608.699951
2023-02-16 10:15:00+05:30,101849.5326,1609.099976,2023-02-16 11:15:00+05:30,101569.1857,1604.650024
2023-02-16 12:15:00+05:30,101931.4357,1610.400024,2023-02-16 14:15:00+05:30,101326.6372,1600.800049
2023-02-16 15:15:00+05:30,101336.0811,1600.949951,2023-02-17 09:15:00+05:30,100409.9841,1586.25
2023-02-17 12:15:00+05:30,100671.4357,1590.400024,2023-02-17 14:15:00+05:30,100135.9357,1581.900024
2023-02-20 10:15:00+05:30,100759.8703,1598.300049,2023-02-20 11:15:00+05:30,100700.9695,1596.400024
2023-02-20 12:15:00+05:30,100704.0688,1596.5,2023-02-20 13:15:00+05:30,100397.168,1586.599976
2023-02-20 14:15:00+05:30,100604.8703,1593.300049,2023-02-21 11:15:00+05:30,100411.1203,1587.050049
2023-02-21 11:15:00+05:30,100488.7341,1587.050049,2023-02-21 12:15:00+05:30,100472.9841,1586.800049
2023-02-21 13:15:00+05:30,100495.0326,1587.150024,2023-02-21 14:15:00+05:30,99915.42798,1577.949951
2023-02-21 15:15:00+05:30,100013.0811,1579.5,2023-02-22 09:15:00+05:30,99225.58105,1567
2023-02-22 10:15:00+05:30,99446.08105,1570.5,2023-02-22 13:15:00+05:30,98532.58105,1556
2023-02-22 14:15:00+05:30,99434.46359,1563.199951,2023-02-22 15:15:00+05:30,99391.06662,1561.800049
2023-02-23 09:15:00+05:30,99415.86435,1562.599976,2023-02-23 11:15:00+05:30,99274.81662,1558.050049
2023-02-23 12:15:00+05:30,99333.71359,1559.949951,2023-02-23 14:15:00+05:30,99026.81662,1550.050049
2023-02-24 09:15:00+05:30,99253.11435,1557.349976,2023-02-24 13:15:00+05:30,99003.56662,1549.300049
2023-02-24 14:15:00+05:30,99060.91586,1551.150024,2023-02-27 09:15:00+05:30,97655.06662,1505.800049
2023-02-27 11:15:00+05:30,97757.36435,1509.099976,2023-02-27 12:15:00+05:30,97638.0151,1505.25
2023-02-27 14:15:00+05:30,97802.31662,1510.550049,2023-02-28 10:15:00+05:30,97653.5151,1505.75
2023-02-28 11:15:00+05:30,97789.91586,1510.150024,2023-02-28 14:15:00+05:30,97107.91586,1488.150024
2023-02-28 15:15:00+05:30,97227.2651,1492,2023-03-01 09:15:00+05:30,97083.11435,1487.349976
2023-03-01 11:15:00+05:30,97366.7651,1496.5,2023-03-01 12:15:00+05:30,97320.2651,1495
2023-03-01 15:15:00+05:30,97366.7651,1496.5,2023-03-02 09:15:00+05:30,96646.0151,1473.25
2023-03-02 11:15:00+05:30,96774.66586,1477.400024,2023-03-02 15:15:00+05:30,96604.16586,1471.900024
2023-03-03 11:15:00+05:30,96880.06662,1480.800049,2023-03-03 12:15:00+05:30,96708.0151,1475.25
2023-03-03 13:15:00+05:30,96841.31662,1479.550049,2023-03-03 14:15:00+05:30,96822.71359,1478.949951
2023-03-06 10:15:00+05:30,97901.5151,1513.75,2023-03-09 09:15:00+05:30,86205.98389,1486.300049
2023-03-09 10:15:00+05:30,86368.37964,1489.099976,2023-03-09 13:15:00+05:30,85840.58105,1480
2023-03-09 14:15:00+05:30,85895.67822,1480.949951,2023-03-10 11:15:00+05:30,84973.48389,1465.050049
2023-03-10 13:15:00+05:30,85321.48389,1471.050049,2023-03-10 14:15:00+05:30,85260.58105,1470
2023-03-10 15:15:00+05:30,85350.48389,1471.550049,2023-03-13 10:15:00+05:30,83900.48389,1446.550049
2023-03-13 11:15:00+05:30,84065.78247,1449.400024,2023-03-13 13:15:00+05:30,83262.48389,1435.550049
2023-03-13 15:15:00+05:30,83459.67822,1438.949951,2023-03-14 09:15:00+05:30,82325.78247,1419.400024
2023-03-14 11:15:00+05:30,82618.67822,1424.449951,2023-03-14 13:15:00+05:30,81908.17822,1412.199951
2023-03-15 10:15:00+05:30,82721.78627,1425.349976,2023-03-15 14:15:00+05:30,82547.78627,1419.349976
2023-03-15 15:15:00+05:30,82566.63698,1420,2023-03-16 09:15:00+05:30,82212.83839,1407.800049
2023-03-16 10:15:00+05:30,82347.68556,1412.449951,2023-03-16 12:15:00+05:30,82150.48768,1405.650024
2023-03-16 13:15:00+05:30,82201.23768,1407.400024,2023-03-16 14:15:00+05:30,82102.63698,1404
2023-03-17 09:15:00+05:30,83117.63698,1439,2023-03-17 12:15:00+05:30,82865.33839,1430.300049
2023-03-17 13:15:00+05:30,82997.28627,1434.849976,2023-03-17 14:15:00+05:30,82627.53627,1422.099976
2023-03-17 15:15:00+05:30,83311.78247,1423.650024,2023-03-20 09:15:00+05:30,83053.9325,1395.150024
2023-03-20 10:15:00+05:30,83623.28394,1404.800049,2023-03-20 12:15:00+05:30,83186.6825,1397.400024
2023-03-20 15:15:00+05:30,83555.4325,1403.650024,2023-03-21 09:15:00+05:30,82980.1825,1393.900024
2023-03-21 10:15:00+05:30,83059.83105,1395.25,2023-03-21 11:15:00+05:30,82932.97961,1393.099976
2023-03-21 12:15:00+05:30,83045.08105,1395,2023-03-21 14:15:00+05:30,82794.33105,1390.75
2023-03-21 15:15:00+05:30,82897.58105,1392.5,2023-03-22 10:15:00+05:30,82649.78394,1388.300049
2023-03-22 11:15:00+05:30,82717.62817,1389.449951,2023-03-22 14:15:00+05:30,82364.68135,1389.900024
2023-03-22 15:15:00+05:30,82387.87923,1390.699951,2023-03-23 10:15:00+05:30,81968.83064,1376.25
2023-03-23 12:15:00+05:30,81992.03206,1377.050049,2023-03-23 13:15:00+05:30,81865.87923,1372.699951
2023-03-24 09:15:00+05:30,82487.93135,1394.150024,2023-03-24 10:15:00+05:30,82442.97993,1392.599976
2023-03-24 11:15:00+05:30,82453.12923,1392.949951,2023-03-24 15:15:00+05:30,82034.08064,1378.5
2023-03-27 09:15:00+05:30,82353.08064,1389.5,2023-03-27 12:15:00+05:30,80803.87964,1391.599976
2023-03-27 13:15:00+05:30,80827.08105,1392,2023-03-27 14:15:00+05:30,80629.87964,1388.599976
2023-03-27 15:15:00+05:30,80650.17822,1388.949951,2023-03-28 11:15:00+05:30,80160.08105,1380.5
2023-03-28 12:15:00+05:30,80363.08105,1384,2023-03-28 13:15:00+05:30,80026.67822,1378.199951
2023-03-28 13:15:00+05:30,80363.08105,1378.199951,2023-03-28 14:15:00+05:30,80351.48389,1378
2023-03-28 15:15:00+05:30,80386.28247,1378.599976,2023-03-29 11:15:00+05:30,79713.48389,1367.599976
2023-03-31 09:15:00+05:30,80995.00334,1404.400024,2023-03-31 10:15:00+05:30,80941.35405,1402.550049
2023-04-03 12:15:00+05:30,87273.78516,1408.949951,2023-04-03 13:15:00+05:30,87209.73962,1407.900024
2023-04-05 12:15:00+05:30,89560.03662,1423.099976,2023-04-05 13:15:00+05:30,89541.44116,1422.800049
2023-04-06 10:15:00+05:30,89829.73511,1427.449951,2023-04-06 10:15:00+05:30,89646.83813,1427.449951
2023-04-06 12:15:00+05:30,90724.6427,1421.900024,2023-04-06 13:15:00+05:30,90532.48962,1418.849976
2023-04-10 09:15:00+05:30,91367.23962,1432.099976,2023-04-10 10:15:00+05:30,91234.94116,1430
2023-04-10 11:15:00+05:30,91423.94116,1433,2023-04-10 12:15:00+05:30,91247.53809,1430.199951
2023-04-10 14:15:00+05:30,92533.73804,1427.949951,2023-04-10 15:15:00+05:30,92472.94116,1427
2023-04-11 14:15:00+05:30,95467.54443,1407.800049,2023-04-11 15:15:00+05:30,95132.54443,1402.800049
2023-04-12 14:15:00+05:30,95859.19407,1429.25,2023-04-13 11:15:00+05:30,94380.79245,1384.449951
2023-04-13 14:15:00+05:30,94979.19287,1391.900024,2023-04-17 09:15:00+05:30,84102.58789,1231.949951
2023-04-17 15:15:00+05:30,85888.91291,1259.5,2023-04-18 09:15:00+05:30,85775.01374,1256.150024
2023-04-18 13:15:00+05:30,85956.91291,1261.5,2023-04-19 10:15:00+05:30,85227.61457,1240.050049
2023-04-19 11:15:00+05:30,85259.91291,1241,2023-04-20 09:15:00+05:30,83653.79785,1226.300049
2023-04-20 10:15:00+05:30,83803.39453,1228.5,2023-04-20 12:15:00+05:30,83592.59619,1225.400024
2023-04-20 13:15:00+05:30,83731.99121,1227.449951,2023-04-20 15:15:00+05:30,83463.39453,1223.5
2023-04-21 09:15:00+05:30,83725.19287,1227.349976,2023-04-21 12:15:00+05:30,83283.19287,1220.849976
2023-04-21 14:15:00+05:30,83796.59619,1228.400024,2023-04-24 09:15:00+05:30,83249.19287,1220.349976
2023-04-24 10:15:00+05:30,83539.03428,1225.050049,2023-04-24 11:15:00+05:30,83467.63096,1222.949951
2023-04-24 12:15:00+05:30,83498.23179,1223.849976,2023-04-24 13:15:00+05:30,83465.93345,1222.900024
2023-04-24 15:15:00+05:30,83668.23179,1228.849976,2023-04-25 09:15:00+05:30,83516.93345,1224.400024
2023-04-25 10:15:00+05:30,83756.63096,1231.449951,2023-04-25 14:15:00+05:30,83095.80273,1225.050049
2023-04-26 10:15:00+05:30,83296.80273,1228.050049,2023-04-26 11:15:00+05:30,83186.2511,1226.400024
2023-04-26 13:15:00+05:30,83270.0011,1227.650024,2023-04-26 14:15:00+05:30,83239.84619,1227.199951
2023-04-27 09:15:00+05:30,83427.44946,1230,2023-04-27 10:15:00+05:30,83404.0011,1229.650024
2023-04-27 11:15:00+05:30,83499.91983,1238,2023-04-27 11:15:00+05:30,83404.0011,1238
2023-04-27 14:15:00+05:30,84040.5011,1247.5,2023-04-27 15:15:00+05:30,83943.35437,1246.050049
2023-04-28 11:15:00+05:30,84352.05273,1252.150024,2023-04-28 13:15:00+05:30,84254.89783,1250.699951
2023-04-28 14:15:00+05:30,84409.0011,1253,2023-04-28 15:15:00+05:30,84402.30273,1252.900024
2023-05-02 12:15:00+05:30,84763.09949,1277.349976,2023-05-02 14:15:00+05:30,84707.0011,1276.5
2023-05-02 15:15:00+05:30,84819.19788,1278.199951,2023-05-03 12:15:00+05:30,84014.0011,1266
2023-05-03 14:15:00+05:30,84284.59949,1270.099976,2023-05-04 09:15:00+05:30,84037.09949,1266.349976
2023-05-04 12:15:00+05:30,84542.0011,1274,2023-05-04 13:15:00+05:30,84443.0011,1272.5
2023-05-04 14:15:00+05:30,84538.69788,1273.949951,2023-05-05 11:15:00+05:30,83426.59949,1257.099976
2023-05-05 12:15:00+05:30,84383.59949,1263.5,2023-05-05 14:15:00+05:30,84152.59949,1260
2023-05-08 11:15:00+05:30,84627.79626,1267.199951,2023-05-08 12:15:00+05:30,84594.79626,1266.699951
2023-05-08 13:15:00+05:30,84756.5011,1269.150024,2023-05-08 14:15:00+05:30,84485.90271,1265.050049
2023-05-09 11:15:00+05:30,84888.5011,1271.150024,2023-05-09 13:15:00+05:30,84561.79626,1267.349976
2023-05-10 10:15:00+05:30,85685.0946,1265.199951,2023-05-10 11:15:00+05:30,85534.3446,1262.949951
2023-05-10 12:15:00+05:30,85651.5946,1264.699951,2023-05-10 13:15:00+05:30,85497.49951,1262.400024
2023-05-11 09:15:00+05:30,85835.8446,1267.449951,2023-05-11 14:15:00+05:30,84981.5946,1254.699951
2023-05-11 15:15:00+05:30,85149.0946,1257.199951,2023-05-12 09:15:00+05:30,84405.39624,1246.099976
2023-05-12 10:15:00+05:30,84676.74951,1250.150024,2023-05-12 12:15:00+05:30,84596.3446,1248.949951
2023-05-12 13:15:00+05:30,84629.8446,1249.449951,2023-05-12 14:15:00+05:30,84348.44788,1245.25
2023-05-15 09:15:00+05:30,85109.03051,1261.099976,2023-05-15 10:15:00+05:30,85072.73132,1260
2023-05-15 13:15:00+05:30,85303.73132,1267,2023-05-15 14:15:00+05:30,84973.73132,1257
2023-05-16 09:15:00+05:30,85889.44788,1269.599976,2023-05-16 11:15:00+05:30,85815.74951,1268.5
2023-05-16 12:15:00+05:30,85906.19788,1269.849976,2023-05-16 15:15:00+05:30,85457.30115,1263.150024
2023-05-17 09:15:00+05:30,86203.65283,1255.550049,2023-05-17 10:15:00+05:30,85836.45117,1250.150024
2023-05-17 11:15:00+05:30,86648.45288,1243.800049,2023-05-17 12:15:00+05:30,86582.89783,1242.849976
2023-05-18 11:15:00+05:30,87600.64783,1257.599976,2023-05-18 14:15:00+05:30,86958.95288,1248.300049
2023-05-19 09:15:00+05:30,87245.71932,1268.599976,2023-05-19 10:15:00+05:30,87177.71932,1266.599976
2023-05-19 11:15:00+05:30,88621.8512,1270.400024,2023-05-19 12:15:00+05:30,88549.39783,1269.349976
2023-05-19 13:15:00+05:30,88597.70288,1270.050049,2023-05-19 14:15:00+05:30,88514.89783,1268.849976
2023-05-19 15:15:00+05:30,88542.49951,1269.25,2023-05-22 09:15:00+05:30,88364.65283,1285.300049
2023-05-22 11:15:00+05:30,88748.84619,1290.949951,2023-05-22 12:15:00+05:30,88541.45117,1287.900024
2023-05-22 14:15:00+05:30,88895.04785,1293.099976,2023-05-22 15:15:00+05:30,88786.24951,1291.5
2023-05-23 09:15:00+05:30,88791.19788,1310.849976,2023-05-23 10:15:00+05:30,88727.55115,1309.900024
2023-05-23 11:15:00+05:30,88767.74951,1310.5,2023-05-23 13:15:00+05:30,88452.85278,1305.800049
2023-05-23 15:15:00+05:30,89364.24951,1300,2023-05-24 09:15:00+05:30,89238.45117,1298.150024
2023-05-24 11:15:00+05:30,89524.04785,1302.349976,2023-05-24 14:15:00+05:30,89292.84619,1298.949951
2023-05-25 09:15:00+05:30,90250.24951,1294,2023-05-25 10:15:00+05:30,90239.89783,1293.849976
2023-05-25 12:15:00+05:30,90508.99951,1297.75,2023-05-25 14:15:00+05:30,89706.68469,1304.25
2023-05-26 11:15:00+05:30,91761.3512,1320.300049,2023-05-26 12:15:00+05:30,91650.94446,1318.699951
2023-05-26 13:15:00+05:30,91654.39783,1318.75,2023-05-26 15:15:00+05:30,91395.64783,1315
2023-05-29 09:15:00+05:30,91561.24951,1317.400024,2023-05-29 12:15:00+05:30,91257.64783,1313
2023-05-29 13:15:00+05:30,91357.69446,1314.449951,2023-05-29 14:15:00+05:30,91350.79614,1314.349976
2023-05-30 09:15:00+05:30,91695.79614,1319.349976,2023-05-30 10:15:00+05:30,91254.19446,1312.949951
2023-05-30 11:15:00+05:30,91720.24953,1317.849976,2023-05-30 12:15:00+05:30,91647.1487,1315.699951
2023-05-31 09:15:00+05:30,92114.6487,1329.449951,2023-05-31 10:15:00+05:30,91640.6012,1325.300049
2023-05-31 12:15:00+05:30,91882.1012,1328.800049,2023-05-31 14:15:00+05:30,90891.94446,1314.449951
2023-05-31 15:15:00+05:30,91071.3512,1317.050049,2023-06-01 13:15:00+05:30,89900.49451,1319.199951
2023-06-01 15:15:00+05:30,89988.89783,1320.5,2023-06-02 09:15:00+05:30,88802.30115,1303.050049
2023-06-02 10:15:00+05:30,88900.89783,1304.5,2023-06-02 14:15:00+05:30,88537.09949,1299.150024
2023-06-05 11:15:00+05:30,89203.49451,1308.949951,2023-06-06 10:15:00+05:30,86905.09949,1275.150024
2023-06-06 12:15:00+05:30,87078.49451,1277.699951,2023-06-06 13:15:00+05:30,86905.09949,1275.150024
2023-06-07 09:15:00+05:30,87380.59119,1287.849976,2023-06-07 10:15:00+05:30,87287.09119,1285.099976
2023-06-07 13:15:00+05:30,87525.09119,1292.099976,2023-06-07 14:15:00+05:30,87400.99036,1288.449951
2023-06-08 09:15:00+05:30,87421.39368,1289.050049,2023-06-08 10:15:00+05:30,87358.49036,1287.199951
2023-06-08 11:15:00+05:30,87938.70447,1288.5,2023-06-08 14:15:00+05:30,87483.10779,1281.800049
2023-06-09 09:15:00+05:30,87902.40784,1269.300049,2023-06-09 10:15:00+05:30,87643.65784,1265.550049
2023-06-09 12:15:00+05:30,87802.35278,1267.849976,2023-06-09 13:15:00+05:30,87605.70447,1265
2023-06-12 11:15:00+05:30,89150.51483,1292.050049,2023-06-12 12:15:00+05:30,89135.21234,1291.599976
2023-06-12 13:15:00+05:30,89242.31317,1294.75,2023-06-12 14:15:00+05:30,89157.31317,1292.25
2023-06-12 15:15:00+05:30,89485.95447,1292.949951,2023-06-13 10:15:00+05:30,88767.6095,1301.400024
2023-06-13 12:15:00+05:30,89080.40784,1306,2023-06-13 13:15:00+05:30,88873.00452,1302.949951
2023-06-13 14:15:00+05:30,89012.40784,1305,2023-06-14 09:15:00+05:30,88349.40784,1295.25
2023-06-14 10:15:00+05:30,88471.81116,1297.050049,2023-06-14 11:15:00+05:30,88403.81116,1296.050049
2023-06-14 15:15:00+05:30,88808.40784,1302,2023-06-15 11:15:00+05:30,87727.20618,1286.099976
2023-06-15 12:15:00+05:30,88019.6095,1290.400024,2023-06-15 15:15:00+05:30,87720.40784,1286
2023-06-16 09:15:00+05:30,87774.81116,1286.800049,2023-06-16 10:15:00+05:30,87536.81116,1283.300049
2023-06-16 13:15:00+05:30,87855.06654,1291.349976,2023-06-16 14:15:00+05:30,87781.96571,1289.199951
2023-06-19 09:15:00+05:30,87877.16737,1292,2023-06-19 10:15:00+05:30,87792.16737,1289.5
2023-06-21 14:15:00+05:30,98668.4115,1298.550049,2023-06-21 15:15:00+05:30,98664.65784,1298.5
2023-06-22 10:15:00+05:30,99956.5116,1281.550049,2023-06-22 11:15:00+05:30,99952.65784,1281.5
2023-06-22 12:15:00+05:30,100195.2097,1284.650024,2023-06-22 14:15:00+05:30,99894.90784,1280.75
2023-06-22 15:15:00+05:30,100106.6578,1283.5,2023-06-23 09:15:00+05:30,98947.80408,1268.449951
2023-06-23 12:15:00+05:30,99452.15784,1275,2023-06-23 14:15:00+05:30,98682.15784,1265
2023-06-26 12:15:00+05:30,99117.20972,1270.650024,2023-06-26 13:15:00+05:30,99063.30408,1269.949951
2023-06-26 14:15:00+05:30,99151.85596,1271.099976,2023-06-26 15:15:00+05:30,99094.10596,1270.349976
2023-06-27 09:15:00+05:30,99343.22315,1277.949951,2023-06-27 10:15:00+05:30,99261.52686,1275.800049
2023-06-27 11:15:00+05:30,99392.62501,1279.25,2023-06-27 12:15:00+05:30,99328.02686,1277.550049
2023-06-27 12:15:00+05:30,99779.40784,1277.550049,2023-06-30 09:15:00+05:30,98291.50403,1326.5
2023-06-30 10:15:00+05:30,98369.20764,1327.550049,2023-07-03 10:15:00+05:30,94624.40576,1330.900024
2023-07-03 12:15:00+05:30,94766.40576,1332.900024,2023-07-03 13:15:00+05:30,94752.20056,1332.699951
2023-07-03 14:15:00+05:30,94844.50403,1334,2023-07-03 15:15:00+05:30,94823.20056,1333.699951
2023-07-04 09:15:00+05:30,94865.8075,1334.300049,2023-07-04 10:15:00+05:30,94777.0575,1333.050049
2023-07-04 11:15:00+05:30,94826.75403,1333.75,2023-07-04 12:15:00+05:30,93699.50061,1336.699951
2023-07-04 13:15:00+05:30,93804.50061,1338.199951,2023-07-04 15:15:00+05:30,92811.30066,1343.199951
2023-07-05 09:15:00+05:30,92914.80066,1344.699951,2023-07-05 10:15:00+05:30,91753.70569,1347.400024
2023-07-05 11:15:00+05:30,91777.50403,1347.75,2023-07-07 11:15:00+05:30,86395.25562,1327.150024
2023-07-07 13:15:00+05:30,86778.7572,1333.050049,2023-07-07 14:15:00+05:30,86496.00085,1328.699951
2023-07-07 15:15:00+05:30,86515.50403,1329,2023-07-10 09:15:00+05:30,86177.5072,1323.800049
2023-07-10 12:15:00+05:30,86731.38883,1338.099976,2023-07-10 14:15:00+05:30,86417.79118,1328.300049
2023-07-11 09:15:00+05:30,86952.18962,1345,2023-07-11 10:15:00+05:30,86934.58805,1344.449951
2023-07-11 11:15:00+05:30,87519.75085,1345.550049,2023-07-11 12:15:00+05:30,86302.20081,1347.550049
2023-07-11 13:15:00+05:30,86314.99768,1347.75,2023-07-13 12:15:00+05:30,75246.75037,1367.050049
2023-07-13 12:15:00+05:30,75708.745,1367.050049,2023-07-13 13:15:00+05:30,75551.98962,1364.199951
2023-07-13 15:15:00+05:30,75705.99231,1367,2023-07-14 09:15:00+05:30,75526.99231,1389
2023-07-14 12:15:00+05:30,76552.99231,1408,2023-07-14 13:15:00+05:30,75961.1936,1423.400024
2023-07-14 15:15:00+05:30,76149.33972,1426.949951,2023-07-17 10:15:00+05:30,76024.99231,1452
2023-07-17 12:15:00+05:30,76077.79102,1425.599976,2023-07-17 13:15:00+05:30,75998.29102,1424.099976
2023-07-17 14:15:00+05:30,76048.6449,1425.050049,2023-07-18 09:15:00+05:30,75387.99231,1439.75
2023-07-18 10:15:00+05:30,75871.59485,1449.050049,2023-07-18 11:15:00+05:30,75822.19104,1448.099976
2023-07-18 12:15:00+05:30,75918.38977,1449.949951,2023-07-18 13:15:00+05:30,75615.93982,1472.449951
2023-07-18 15:15:00+05:30,75796.99231,1476,2023-07-19 09:15:00+05:30,75018.48987,1489.949951
2023-07-19 12:15:00+05:30,75677.14355,1473.650024,2023-07-19 13:15:00+05:30,75439.99231,1469
2023-07-19 15:15:00+05:30,75847.99231,1477,2023-07-20 10:15:00+05:30,75668.79358,1445.150024
2023-07-20 12:15:00+05:30,75806.59485,1447.800049,2023-07-20 13:15:00+05:30,75770.19104,1447.099976
2023-07-20 14:15:00+05:30,75920.99231,1450,2023-07-21 13:15:00+05:30,69449.59485,1325.550049
2023-07-24 09:15:00+05:30,69938.07959,1340.400024,2023-07-24 11:15:00+05:30,69840.57959,1336.650024
2023-07-24 14:15:00+05:30,69862.67896,1337.5,2023-07-25 09:15:00+05:30,69761.27832,1333.599976
2023-07-25 11:15:00+05:30,69956.59485,1339.949951,2023-07-25 14:15:00+05:30,69647.19739,1334
2023-07-25 15:15:00+05:30,69732.99866,1335.650024,2023-07-26 09:15:00+05:30,68744.1449,1342.449951
2023-07-26 11:15:00+05:30,68909.8949,1345.699951,2023-07-26 11:15:00+05:30,68856.34863,1345.699951
2023-07-26 12:15:00+05:30,68950.70361,1347.550049,2023-07-26 14:15:00+05:30,67655.6499,1348.599976
2023-07-26 15:15:00+05:30,67675.65112,1349,2023-07-27 10:15:00+05:30,66645.15112,1355.5
2023-07-27 11:15:00+05:30,66836.25232,1359.400024,2023-07-27 14:15:00+05:30,66556.94873,1353.699951
2023-07-27 15:15:00+05:30,66596.15112,1354.5,2023-07-28 11:15:00+05:30,65807.25232,1338.400024
2023-07-28 14:15:00+05:30,65959.15112,1341.5,2023-07-28 15:15:00+05:30,65910.15112,1340.5
2023-07-31 11:15:00+05:30,66184.39276,1352.449951,2023-07-31 12:15:00+05:30,66166.39276,1351.699951
2023-07-31 14:15:00+05:30,66251.59394,1355.25,2023-07-31 15:15:00+05:30,66202.39276,1353.199951
2023-08-01 09:15:00+05:30,66532.44873,1363.5,2023-08-01 10:15:00+05:30,66467.6499,1362.150024
2023-08-01 12:15:00+05:30,66676.44873,1366.5,2023-08-01 15:15:00+05:30,66614.04639,1365.199951
2023-08-02 10:15:00+05:30,67621.54993,1357.900024,2023-08-02 11:15:00+05:30,67469.65112,1354.800049
2023-08-02 14:15:00+05:30,68979.44995,1357.900024,2023-08-02 15:15:00+05:30,68931.94629,1356.949951
2023-08-03 10:15:00+05:30,69256.94629,1363.449951,2023-08-03 13:15:00+05:30,68674.45117,1351.800049
2023-08-03 14:15:00+05:30,68888.05236,1365.150024,2023-08-03 15:15:00+05:30,68876.80053,1364.699951
2023-08-04 09:15:00+05:30,69301.80053,1381.699951,2023-08-04 10:15:00+05:30,68993.05114,1369.349976
2023-08-04 10:15:00+05:30,70169.44629,1369.349976,2023-08-04 11:15:00+05:30,69235.09998,1378.050049
2023-08-04 12:15:00+05:30,69335.09998,1380.050049,2023-08-04 15:15:00+05:30,69232.59753,1378
2023-08-07 09:15:00+05:30,69360.09998,1380.550049,2023-08-07 10:15:00+05:30,69205.09509,1377.449951
2023-08-07 15:15:00+05:30,70032.59753,1394,2023-08-08 09:15:00+05:30,69672.59998,1386.800049
2023-08-08 11:15:00+05:30,69890.09875,1391.150024,2023-08-08 13:15:00+05:30,69807.59753,1389.5
2023-08-08 14:15:00+05:30,69832.59753,1390,2023-08-09 09:15:00+05:30,69755.09509,1388.449951
2023-08-09 10:15:00+05:30,69845.09753,1390.25,2023-08-09 11:15:00+05:30,69755.09509,1388.449951
2023-08-09 14:15:00+05:30,70072.59998,1394.800049,2023-08-10 09:15:00+05:30,69910.09998,1391.550049
2023-08-10 10:15:00+05:30,69917.59509,1391.699951,2023-08-10 11:15:00+05:30,69842.6012,1390.349976
2023-08-10 12:15:00+05:30,69987.60242,1393.25,2023-08-11 11:15:00+05:30,68875.10242,1371
2023-08-11 13:15:00+05:30,69155.1012,1376.599976,2023-08-11 14:15:00+05:30,68830.1012,1370.099976
2023-08-14 09:15:00+05:30,69351.46869,1377.900024,2023-08-14 10:15:00+05:30,69155.2193,1370.050049
2023-08-14 14:15:00+05:30,69755.2193,1394.050049,2023-08-14 15:15:00+05:30,69742.7193,1393.550049
2023-08-16 09:15:00+05:30,70175.21747,1410.849976,2023-08-16 09:15:00+05:30,70002.60486,1410.849976
2023-08-16 12:15:00+05:30,70375.00366,1418.449951,2023-08-16 13:15:00+05:30,70321.10486,1417.349976
2023-08-16 14:15:00+05:30,70411.75366,1419.199951,2023-08-17 09:15:00+05:30,69951.15845,1409.800049
2023-08-17 11:15:00+05:30,70272.10486,1416.349976,2023-08-17 12:15:00+05:30,70105.50366,1412.949951
2023-08-17 13:15:00+05:30,70208.40845,1415.050049,2023-08-17 14:15:00+05:30,70024.65845,1411.300049
2023-08-18 09:15:00+05:30,70585.9585,1394.300049,2023-08-18 10:15:00+05:30,70393.45361,1390.449951
2023-08-18 11:15:00+05:30,70545.95605,1393.5,2023-08-18 15:15:00+05:30,69997.02172,1387
2023-08-21 12:15:00+05:30,70380.77111,1402.349976,2023-08-21 13:15:00+05:30,70360.77294,1401.550049
2023-08-21 14:15:00+05:30,70495.7705,1406.949951,2023-08-22 10:15:00+05:30,70312.02111,1399.599976
2023-08-22 11:15:00+05:30,70943.45972,1401.300049,2023-08-22 13:15:00+05:30,70930.95972,1401.050049
2023-08-23 09:15:00+05:30,71415.95728,1410.75,2023-08-23 11:15:00+05:30,71255.95972,1407.550049
2023-08-23 12:15:00+05:30,71370.95605,1409.849976,2023-08-23 13:15:00+05:30,71230.95972,1407.050049
2023-08-23 14:15:00+05:30,71258.45605,1407.599976,2023-08-23 15:15:00+05:30,71228.45728,1407
2023-08-24 09:15:00+05:30,71788.45483,1418.199951,2023-08-24 10:15:00+05:30,71725.95483,1416.949951
2023-08-24 12:15:00+05:30,71888.45483,1420.199951,2023-08-24 13:15:00+05:30,71863.45483,1419.699951
2023-08-24 14:15:00+05:30,72100.95483,1424.449951,2023-08-25 09:15:00+05:30,71678.45728,1416
2023-08-25 10:15:00+05:30,71778.45728,1418,2023-08-25 11:15:00+05:30,71630.95972,1415.050049
2023-08-25 14:15:00+05:30,71900.95483,1420.449951,2023-08-28 09:15:00+05:30,71665.95728,1415.75
2023-08-28 10:15:00+05:30,71830.95972,1419.050049,2023-08-28 11:15:00+05:30,71828.45728,1419
2023-08-28 12:15:00+05:30,71878.45728,1420,2023-08-28 14:15:00+05:30,71638.45483,1415.199951
2023-08-29 10:15:00+05:30,71918.45972,1420.800049,2023-08-29 11:15:00+05:30,71843.45972,1419.800049
2023-08-29 12:15:00+05:30,71905.95972,1421.050049,2023-08-29 14:15:00+05:30,71715.95728,1417.25
2023-08-30 14:15:00+05:30,72608.45605,1435.099976,2023-08-30 15:15:00+05:30,72603.45728,1435
2023-08-31 09:15:00+05:30,73000.95483,1442.949951,2023-08-31 10:15:00+05:30,72893.45972,1440.800049
2023-08-31 11:15:00+05:30,72958.45605,1442.099976,2023-09-01 09:15:00+05:30,72448.4585,1431.900024
2023-09-01 13:15:00+05:30,73103.45728,1445,2023-09-04 09:15:00+05:30,72743.45972,1437.800049
2023-09-04 11:15:00+05:30,73553.84855,1454.900024,2023-09-04 12:15:00+05:30,73542.59672,1454.449951
2023-09-05 14:15:00+05:30,74823.4585,1478.949951,2023-09-06 10:15:00+05:30,74363.46094,1469.75
2023-09-06 11:15:00+05:30,74375.96094,1470,2023-09-06 12:15:00+05:30,74175.96094,1466
2023-09-06 14:15:00+05:30,74785.9585,1478.199951,2023-09-07 10:15:00+05:30,74350.96094,1469.5
2023-09-07 11:15:00+05:30,74355.95972,1469.599976,2023-09-07 12:15:00+05:30,74035.9585,1463.199951
2023-09-07 13:15:00+05:30,74158.46216,1465.650024,2023-09-07 14:15:00+05:30,74053.46338,1463.550049
2023-09-08 09:15:00+05:30,74410.9585,1470.699951,2023-09-08 10:15:00+05:30,74213.46094,1466.75
2023-09-08 11:15:00+05:30,74413.46094,1470.75,2023-09-08 12:15:00+05:30,74113.46094,1468.75
2023-09-11 10:15:00+05:30,74445.96216,1475.400024,2023-09-11 11:15:00+05:30,74428.46338,1475.050049
2023-09-11 12:15:00+05:30,74455.95972,1475.25,2023-09-11 13:15:00+05:30,74230.95972,1470.75
2023-09-11 14:15:00+05:30,74588.46094,1477.900024,2023-09-11 15:15:00+05:30,74515.95728,1476.449951
2023-09-12 09:15:00+05:30,74918.45972,1484.5,2023-09-12 10:15:00+05:30,74823.4585,1482.599976
2023-09-12 12:15:00+05:30,75463.46094,1495.400024,2023-09-12 13:15:00+05:30,75448.4585,1495.099976
2023-09-12 15:15:00+05:30,75748.4585,1501.099976,2023-09-13 10:15:00+05:30,75368.45972,1493.5
2023-09-13 12:15:00+05:30,75778.45728,1501.699951,2023-09-13 15:15:00+05:30,75593.45972,1498
2023-09-14 09:15:00+05:30,75935.9585,1504.849976,2023-09-14 10:15:00+05:30,75915.95728,1504.449951
2023-09-14 11:15:00+05:30,75943.45972,1505,2023-09-14 12:15:00+05:30,75933.46216,1504.800049
2023-09-14 14:15:00+05:30,76040.95728,1506.949951,2023-09-14 15:15:00+05:30,75950.96094,1505.150024
2023-09-15 11:15:00+05:30,76455.95972,1515.25,2023-09-15 13:15:00+05:30,76258.46216,1511.300049
2023-09-15 15:15:00+05:30,76273.4585,1511.599976,2023-09-18 10:15:00+05:30,75358.46216,1493.300049
2023-09-18 11:15:00+05:30,75438.46094,1494.900024,2023-09-18 13:15:00+05:30,75223.4585,1490.599976
2023-09-18 14:15:00+05:30,75313.46094,1492.400024,2023-09-20 09:15:00+05:30,74668.45972,1479.5
2023-09-20 15:15:00+05:30,75009.83594,1490.25,2023-09-21 09:15:00+05:30,74688.58655,1477.400024
2023-09-21 14:15:00+05:30,75768.45972,1501.849976,2023-09-22 09:15:00+05:30,75135.9585,1489.199951
2023-09-22 12:15:00+05:30,75913.46094,1504.75,2023-09-22 13:15:00+05:30,75425.96094,1495
2023-09-22 14:15:00+05:30,75463.46094,1495.75,2023-09-22 15:15:00+05:30,75425.96094,1495
2023-09-25 09:15:00+05:30,75995.30969,1476.849976,2023-09-25 10:15:00+05:30,75788.76343,1472.800049
2023-09-25 12:15:00+05:30,76252.86218,1481.900024,2023-09-25 14:15:00+05:30,75847.40845,1473.949951
2023-09-25 15:15:00+05:30,75857.61218,1474.150024,2023-09-26 12:15:00+05:30,75286.40845,1462.949951
2023-09-26 13:15:00+05:30,75324.65845,1463.699951,2023-09-26 14:15:00+05:30,75146.15845,1460.199951
2023-09-26 15:15:00+05:30,75181.86218,1460.900024,2023-09-27 09:15:00+05:30,74702.46094,1451.5
2023-09-27 10:15:00+05:30,74822.30969,1453.849976,2023-09-27 11:15:00+05:30,74816.08094,1463.599976
2023-09-27 12:15:00+05:30,74912.33033,1467.449951,2023-09-27 14:15:00+05:30,74867.33216,1465.650024
2023-09-27 15:15:00+05:30,74948.58216,1468.900024,2023-09-28 12:15:00+05:30,74381.08033,1446.199951
2023-09-28 13:15:00+05:30,74398.58216,1446.900024,2023-09-28 14:15:00+05:30,74173.58216,1437.900024
2023-09-28 15:15:00+05:30,74323.58216,1443.900024,2023-09-29 09:15:00+05:30,73806.08033,1423.199951
2023-09-29 11:15:00+05:30,74182.33155,1438.25,2023-09-29 12:15:00+05:30,74149.83033,1436.949951
2023-09-29 13:15:00+05:30,74296.08277,1442.800049,2023-10-03 10:15:00+05:30,73827.33277,1424.050049
2023-10-03 12:15:00+05:30,74049.83033,1432.949951,2023-10-03 13:15:00+05:30,73993.58033,1430.699951
2023-10-03 14:15:00+05:30,74092.33216,1434.650024,2023-10-04 09:15:00+05:30,73851.08155,1425
2023-10-04 10:15:00+05:30,74012.33033,1431.449951,2023-10-04 12:15:00+05:30,73838.58155,1424.5
2023-10-04 15:15:00+05:30,74474.83033,1449.949951,2023-10-04 15:15:00+05:30,74376.05969,1449.949951
2023-10-05 09:15:00+05:30,74766.21094,1457.599976,2023-10-05 12:15:00+05:30,73296.11096,1457.349976
2023-10-05 14:15:00+05:30,73596.11096,1463.349976,2023-10-05 15:15:00+05:30,73483.61096,1461.099976
2023-10-06 10:15:00+05:30,74011.1134,1471.650024,2023-10-06 11:15:00+05:30,72960.86218,1480.25
2023-10-06 12:15:00+05:30,72965.76099,1480.349976,2023-10-06 13:15:00+05:30,72703.61218,1475
2023-10-06 14:15:00+05:30,72938.81458,1479.800049,2023-10-06 15:15:00+05:30,72884.90979,1478.699951
2023-10-09 09:15:00+05:30,73232.81458,1485.800049,2023-10-09 11:15:00+05:30,72919.21338,1479.400024
2023-10-09 12:15:00+05:30,72948.61218,1480,2023-10-10 09:15:00+05:30,71804.61218,1487
2023-10-10 10:15:00+05:30,72111.81335,1493.400024,2023-10-10 11:15:00+05:30,71888.61218,1488.75
2023-10-10 14:15:00+05:30,72231.81335,1495.900024,2023-10-11 09:15:00+05:30,71304.61218,1508
2023-10-11 10:15:00+05:30,71382.16333,1509.650024,2023-10-11 12:15:00+05:30,70559.66333,1492.150024
2023-10-11 13:15:00+05:30,70914.50989,1499.699951,2023-10-12 09:15:00+05:30,69955.71448,1479.300049
2023-10-12 11:15:00+05:30,70343.46448,1487.550049,2023-10-13 09:15:00+05:30,67326.06104,1423.349976
2023-10-13 10:15:00+05:30,67554.07298,1430.050049,2023-10-13 11:15:00+05:30,67435.62242,1424.900024
2023-10-16 10:15:00+05:30,67828.92185,1442,2023-10-16 11:15:00+05:30,67698.97129,1436.349976
2023-10-16 13:15:00+05:30,67713.92185,1437,2023-10-16 15:15:00+05:30,67552.92185,1430
2023-10-17 12:15:00+05:30,68468.16333,1451,2023-10-17 13:15:00+05:30,67998.16333,1441
2023-10-17 15:15:00+05:30,68092.16333,1443,2023-10-18 12:15:00+05:30,66874.56445,1447.900024
2023-10-18 13:15:00+05:30,67051.66333,1451.75,2023-10-18 14:15:00+05:30,66492.76221,1439.599976
2023-10-18 15:15:00+05:30,66536.46558,1440.550049,2023-10-19 09:15:00+05:30,66145.46558,1432.050049
2023-10-19 12:15:00+05:30,66370.86108,1436.949951,2023-10-19 14:15:00+05:30,66212.16333,1433.5
2023-10-19 15:15:00+05:30,66225.96558,1433.800049,2023-10-20 09:15:00+05:30,66101.76221,1431.099976
2023-10-20 10:15:00+05:30,66327.16333,1436,2023-10-20 12:15:00+05:30,66055.76221,1430.099976
2023-10-20 13:15:00+05:30,66108.66333,1431.25,2023-10-20 15:15:00+05:30,65887.86108,1426.449951
2023-10-23 09:15:00+05:30,65901.66333,1426.75,2023-10-23 11:15:00+05:30,65499.16333,1418
2023-10-23 12:15:00+05:30,65540.56445,1418.900024,2023-10-23 14:15:00+05:30,64979.36108,1406.699951
2023-10-23 15:15:00+05:30,65085.16333,1409,2023-10-25 14:15:00+05:30,63038.53203,1370.599976
2023-10-25 15:15:00+05:30,63070.73259,1372,2023-10-26 10:15:00+05:30,62777.48259,1359.25
2023-10-26 12:15:00+05:30,62978.73259,1368,2023-10-26 13:15:00+05:30,62785.53203,1359.599976
2023-10-27 11:15:00+05:30,63328.33146,1383.199951,2023-10-27 14:15:00+05:30,63255.88371,1380.050049
2023-10-27 15:15:00+05:30,63889.16333,1381.050049,2023-10-30 09:15:00+05:30,63548.76221,1373.650024
2023-10-30 10:15:00+05:30,63615.45996,1375.099976,2023-10-30 12:15:00+05:30,63500.45996,1372.599976
2023-10-30 15:15:00+05:30,63840.86108,1380,2023-10-31 10:15:00+05:30,63127.86108,1364.5
2023-10-31 12:15:00+05:30,63300.36108,1368.25,2023-10-31 13:15:00+05:30,63231.36108,1366.75
2023-10-31 14:15:00+05:30,63424.55884,1370.949951,2023-11-01 09:15:00+05:30,63261.26221,1367.400024
2023-11-01 10:15:00+05:30,63440.66333,1371.300049,2023-11-01 12:15:00+05:30,62886.36108,1359.25
2023-11-01 13:15:00+05:30,62950.76221,1360.650024,2023-11-01 15:15:00+05:30,62644.86108,1354
2023-11-02 09:15:00+05:30,63117.14877,1366.550049,2023-11-02 11:15:00+05:30,63069.99765,1364.5
2023-11-02 13:15:00+05:30,63176.94821,1369.150024,2023-11-02 14:15:00+05:30,63172.34653,1368.949951
2023-11-03 12:15:00+05:30,64181.26782,1389.550049,2023-11-03 13:15:00+05:30,64172.06445,1389.349976
2023-11-03 14:15:00+05:30,64201.96558,1390,2023-11-06 10:15:00+05:30,62973.96448,1393.599976
2023-11-06 11:15:00+05:30,63048.21558,1395.25,2023-11-07 09:15:00+05:30,61800.3645,1398.599976
2023-11-07 10:15:00+05:30,61881.76343,1400.449951,2023-11-07 11:15:00+05:30,61826.76343,1399.199951
2023-11-07 13:15:00+05:30,62084.16772,1405.050049,2023-11-07 14:15:00+05:30,62031.3645,1403.849976
2023-11-07 15:15:00+05:30,62051.16772,1404.300049,2023-11-08 10:15:00+05:30,61850.96558,1399.75
2023-11-08 11:15:00+05:30,61978.56665,1402.650024,2023-11-09 10:15:00+05:30,61069.96558,1382
2023-11-09 12:15:00+05:30,61157.96558,1384,2023-11-09 14:15:00+05:30,60753.16772,1374.800049
2023-11-09 15:15:00+05:30,60849.96558,1377,2023-11-10 10:15:00+05:30,60205.3645,1362.349976
2023-11-10 11:15:00+05:30,60330.76343,1365.199951,2023-11-10 12:15:00+05:30,60324.16772,1365.050049
2023-11-13 09:15:00+05:30,60894.63661,1381.349976,2023-11-13 11:15:00+05:30,60762.63661,1375.349976
2023-11-13 13:15:00+05:30,60816.53822,1377.800049,2023-11-15 11:15:00+05:30,60382.41663,1398.150024
2023-11-15 13:15:00+05:30,60625.36768,1403.800049,2023-11-16 14:15:00+05:30,55075.06372,1442.449951
2023-11-16 15:15:00+05:30,55133.96558,1444,2023-11-17 09:15:00+05:30,54981.96558,1440
2023-11-17 10:15:00+05:30,55236.56372,1446.699951,2023-11-17 11:15:00+05:30,55038.96558,1441.5
2023-11-17 12:15:00+05:30,55046.56372,1441.699951,2023-11-17 15:15:00+05:30,54875.56372,1437.199951
2023-11-20 09:15:00+05:30,55071.26465,1442.349976,2023-11-20 10:15:00+05:30,54831.86743,1436.050049
2023-11-20 11:15:00+05:30,54932.56372,1438.699951,2023-11-20 13:15:00+05:30,54801.46558,1435.25
2023-11-21 09:15:00+05:30,54930.64472,1443,2023-11-21 10:15:00+05:30,54866.99518,1439.650024
2023-11-21 11:15:00+05:30,54930.64472,1443,2023-11-21 14:15:00+05:30,54837.54426,1438.099976
2023-11-22 11:15:00+05:30,55175.76465,1447,2023-11-22 12:15:00+05:30,55071.26465,1444.25
2023-11-22 13:15:00+05:30,55151.06372,1446.349976,2023-11-22 15:15:00+05:30,54128.36646,1457.800049
2023-11-23 10:15:00+05:30,54180.16284,1459.199951,2023-11-23 12:15:00+05:30,54085.81555,1456.650024
2023-11-23 13:15:00+05:30,54109.86646,1457.300049,2023-11-23 14:15:00+05:30,53795.36646,1448.800049
2023-11-23 15:15:00+05:30,53867.51465,1450.75,2023-11-24 13:15:00+05:30,53371.71375,1437.349976
2023-11-24 14:15:00+05:30,53392.06555,1437.900024,2023-11-28 09:15:00+05:30,53072.01465,1429.25
2023-11-28 11:15:00+05:30,53201.51465,1432.75,2023-11-28 12:15:00+05:30,53166.36646,1431.800049
2023-11-28 14:15:00+05:30,53474.76874,1443.199951,2023-11-28 15:15:00+05:30,53471.16962,1443
2023-11-29 09:15:00+05:30,53764.5705,1459.300049,2023-11-29 10:15:00+05:30,53715.0705,1456.550049
2023-11-29 11:15:00+05:30,54082.11646,1457.400024,2023-11-29 12:15:00+05:30,54069.16736,1457.050049
2023-11-29 14:15:00+05:30,54178.31555,1460,2023-12-01 10:15:00+05:30,50890.81555,1449.5
2023-12-01 11:15:00+05:30,50920.5647,1450.349976,2023-12-01 12:15:00+05:30,50908.31555,1450
2023-12-04 10:15:00+05:30,51237.61316,1466.650024,2023-12-04 12:15:00+05:30,51064.21191,1456.449951
2023-12-04 13:15:00+05:30,51167.06274,1462.5,2023-12-04 13:15:00+05:30,51134.06384,1462.5
2023-12-04 14:15:00+05:30,51200.36218,1464.449951,2023-12-04 15:15:00+05:30,51185.06384,1464
2023-12-05 11:15:00+05:30,53483.06384,1446.5,2023-12-05 13:15:00+05:30,53465.06384,1446
2023-12-05 14:15:00+05:30,53787.26208,1454.949951,2023-12-05 15:15:00+05:30,53751.26208,1453.949951
2023-12-06 10:15:00+05:30,53959.37537,1465.099976,2023-12-06 11:15:00+05:30,53948.57581,1464.5
2023-12-07 10:15:00+05:30,55784.26294,1469.599976,2023-12-07 12:15:00+05:30,55704.71204,1467.449951
2023-12-08 09:15:00+05:30,57487.56384,1475.75,2023-12-08 10:15:00+05:30,57436.26477,1474.400024
2023-12-08 11:15:00+05:30,57738.36292,1482.349976,2023-12-08 12:15:00+05:30,57687.06384,1481
2023-12-11 11:15:00+05:30,59503.46289,1489.599976,2023-12-11 12:15:00+05:30,59429.36194,1487.699951
2023-12-11 13:15:00+05:30,59519.06384,1490,2023-12-11 14:15:00+05:30,59497.61194,1489.449951
2023-12-12 12:15:00+05:30,63342.26282,1474.599976,2023-12-12 13:15:00+05:30,63302.36487,1473.650024
2023-12-12 14:15:00+05:30,63409.46179,1476.199951,2023-12-13 11:15:00+05:30,61718.96179,1435.949951
2023-12-13 14:15:00+05:30,62098.14307,1449.099976,2023-12-13 15:15:00+05:30,62096.04358,1449
2023-12-15 10:15:00+05:30,65233.86487,1565,2023-12-15 11:15:00+05:30,65149.81287,1562.949951
2023-12-15 12:15:00+05:30,65170.31287,1563.449951,2023-12-15 13:15:00+05:30,65022.71387,1559.849976
2023-12-15 14:15:00+05:30,65840.66687,1579.800049,2023-12-18 09:15:00+05:30,65627.46387,1574.599976
2023-12-18 10:15:00+05:30,65674.61487,1575.75,2023-12-18 15:15:00+05:30,65114.96387,1562.099976
2023-12-19 09:15:00+05:30,66093.26282,1548.199951,2023-12-19 10:15:00+05:30,66053.36487,1547.25
2023-12-19 12:15:00+05:30,66660.26282,1561.699951,2023-12-19 15:15:00+05:30,66336.86487,1554
2023-12-20 09:15:00+05:30,66726.55237,1577.650024,2023-12-20 15:15:00+05:30,65694.26282,1536.400024
2023-12-21 09:15:00+05:30,65837.06384,1539.800049,2023-12-21 10:15:00+05:30,65713.16077,1536.849976
2023-12-21 12:15:00+05:30,65984.06384,1543.300049,2023-12-21 14:15:00+05:30,65614.46179,1534.5
2023-12-21 15:15:00+05:30,65847.56384,1540.050049,2023-12-22 09:15:00+05:30,65715.26282,1536.900024
2023-12-22 11:15:00+05:30,65765.34679,1545,2023-12-22 12:15:00+05:30,65754.84679,1544.5
2023-12-22 14:15:00+05:30,66095.04577,1560.699951,2023-12-22 15:15:00+05:30,66088.7473,1560.400024
2023-12-26 10:15:00+05:30,67660.35767,1546.099976,2023-12-26 13:15:00+05:30,67488.35767,1542.099976
2023-12-27 09:15:00+05:30,68303.21082,1561.050049,2023-12-27 12:15:00+05:30,68103.25977,1556.400024
2023-12-27 14:15:00+05:30,68324.19762,1568.449951,2023-12-28 11:15:00+05:30,67727.00977,1558.150024
2023-12-28 12:15:00+05:30,67961.35767,1563.599976,2023-12-28 13:15:00+05:30,67808.71082,1560.050049
2023-12-28 15:15:00+05:30,67920.50977,1562.650024,2023-12-29 10:15:00+05:30,67120.71082,1544.050049
2023-12-29 11:15:00+05:30,67161.55872,1545,2023-12-29 12:15:00+05:30,67094.90662,1543.449951
2023-12-29 13:15:00+05:30,67140.05872,1544.5,2023-12-29 14:15:00+05:30,66985.25977,1540.900024
2023-12-29 15:15:00+05:30,67054.05872,1542.5,2024-01-01 09:15:00+05:30,66978.80872,1540.75
2024-01-01 10:15:00+05:30,66998.58357,1547.449951,2024-01-01 11:15:00+05:30,66949.23409,1545.099976
2024-01-01 13:15:00+05:30,67157.1346,1555,2024-01-02 11:15:00+05:30,66578.58357,1527.449951
2024-01-02 14:15:00+05:30,66720.33357,1534.199951,2024-01-03 09:15:00+05:30,65984.28511,1499.150024
2024-01-03 11:15:00+05:30,66050.43562,1502.300049,2024-01-03 14:15:00+05:30,65793.18562,1490.050049
2024-01-04 09:15:00+05:30,66095.58357,1504.449951,2024-01-04 10:15:00+05:30,66088.23409,1504.099976
2024-01-04 12:15:00+05:30,66238.3846,1511.25,2024-01-04 13:15:00+05:30,66234.18562,1511.050049
2024-01-04 14:15:00+05:30,66287.73409,1513.599976,2024-01-04 15:15:00+05:30,66268.83357,1512.699951
2024-01-05 10:15:00+05:30,66740.28511,1535.150024,2024-01-05 11:15:00+05:30,66084.40662,1524.599976
2024-01-05 12:15:00+05:30,66320.90662,1530.099976,2024-01-05 13:15:00+05:30,66249.95557,1528.449951
2024-01-05 14:15:00+05:30,66484.30872,1533.900024,2024-01-08 10:15:00+05:30,65976.90662,1522.099976
2024-01-08 11:15:00+05:30,66045.70557,1523.699951,2024-01-08 12:15:00+05:30,65757.60767,1517
2024-01-08 13:15:00+05:30,66000.55872,1522.650024,2024-01-09 10:15:00+05:30,65376.70972,1544.050049
2024-01-09 11:15:00+05:30,65626.60767,1550,2024-01-09 14:15:00+05:30,64675.30664,1527.349976
2024-01-09 15:15:00+05:30,64757.20972,1529.300049,2024-01-10 09:15:00+05:30,64480.00562,1522.699951
2024-01-10 10:15:00+05:30,64572.40869,1524.900024,2024-01-10 13:15:00+05:30,64003.30664,1511.349976
2024-01-10 14:15:00+05:30,64366.60767,1520,2024-01-11 09:15:00+05:30,63568.60767,1501
2024-01-11 11:15:00+05:30,63673.60767,1503.5,2024-01-11 14:15:00+05:30,63152.80664,1491.099976
2024-01-12 11:15:00+05:30,67760.20972,1610.849976,2024-01-12 12:15:00+05:30,67598.51074,1607
2024-01-12 13:15:00+05:30,67680.40869,1608.949951,2024-01-15 13:15:00+05:30,61187.81165,1650.900024
2024-01-15 14:15:00+05:30,61191.51074,1651,2024-01-16 09:15:00+05:30,60877.01074,1642.5
2024-01-16 10:15:00+05:30,60951.01074,1644.5,2024-01-17 12:15:00+05:30,57460.76074,1638.75
2024-01-17 13:15:00+05:30,57630.50989,1643.599976,2024-01-18 09:15:00+05:30,57422.2616,1637.650024
2024-01-18 10:15:00+05:30,57523.76245,1640.550049,2024-01-18 11:15:00+05:30,57466.0116,1638.900024
2024-01-18 12:15:00+05:30,57557.01074,1641.5,2024-01-18 13:15:00+05:30,55853.41077,1642.349976
2024-01-18 14:15:00+05:30,55865.30994,1642.699951,2024-01-23 09:15:00+05:30,48437.71301,1669.800049
2024-01-23 10:15:00+05:30,48439.16089,1669.849976,2024-01-23 11:15:00+05:30,48240.5116,1663
2024-01-23 12:15:00+05:30,48241.96301,1663.050049,2024-01-24 10:15:00+05:30,44567.56226,1650.150024
2024-01-24 11:15:00+05:30,44579.71094,1650.599976,2024-01-24 13:15:00+05:30,41476.0116,1658.5
2024-01-24 14:15:00+05:30,43442.11385,1677.949951,2024-01-25 09:15:00+05:30,43255.51473,1662.400024
2024-01-25 11:15:00+05:30,43394.71444,1674,2024-01-25 14:15:00+05:30,41798.50916,1665.199951
2024-01-25 15:15:00+05:30,41818.51038,1666,2024-01-29 10:15:00+05:30,41457.2616,1651.550049
2024-01-29 11:15:00+05:30,41618.51038,1658,2024-01-29 15:15:00+05:30,41524.76038,1654.25
2024-01-30 09:15:00+05:30,42220.66577,1685.650024,2024-01-30 14:15:00+05:30,41806.06519,1651.099976
2024-01-30 15:15:00+05:30,41834.86548,1653.5,2024-01-30 15:15:00+05:30,41446.00977,1653.5
2024-01-31 09:15:00+05:30,41474.76038,1654.650024,2024-01-31 15:15:00+05:30,36629.61084,1660.050049
2024-02-01 09:15:00+05:30,38269.95533,1672.099976,2024-02-01 11:15:00+05:30,38133.55506,1659.699951
2024-02-01 13:15:00+05:30,38146.75587,1660.900024,2024-02-01 14:15:00+05:30,36648.3103,1655.199951
2024-02-01 15:15:00+05:30,36689.01245,1657.050049,2024-02-02 09:15:00+05:30,35818.41138,1694.5
2024-02-02 10:15:00+05:30,35933.91138,1700,2024-02-02 12:15:00+05:30,34022.9104,1689.449951
2024-02-02 13:15:00+05:30,34131.91187,1694.900024,2024-02-05 09:15:00+05:30,34083.91138,1692.5
2024-02-05 11:15:00+05:30,34206.91187,1698.650024,2024-02-06 10:15:00+05:30,32811.31091,1714.599976
2024-02-06 13:15:00+05:30,33082.06091,1728.849976,2024-02-06 14:15:00+05:30,33076.3623,1728.550049
2024-02-06 15:15:00+05:30,33093.46045,1729.449951,2024-02-07 12:15:00+05:30,32386.66138,1692.25
2024-02-07 13:15:00+05:30,32494.01184,1697.900024,2024-02-07 14:15:00+05:30,32400.91138,1693
2024-02-08 09:15:00+05:30,32437.01184,1694.900024,2024-02-08 10:15:00+05:30,32243.21045,1684.699951
2024-02-08 12:15:00+05:30,32370.51184,1691.400024,2024-02-08 13:15:00+05:30,32359.1123,1690.800049
2024-02-08 15:15:00+05:30,32400.91138,1693,2024-02-09 12:15:00+05:30,31799.56091,1661.349976
2024-02-09 13:15:00+05:30,32147.18777,1675,2024-02-09 14:15:00+05:30,32100.38821,1669.800049
2024-02-12 09:15:00+05:30,32214.23733,1682.449951,2024-02-12 10:15:00+05:30,32204.78799,1681.400024
2024-02-12 12:15:00+05:30,32284.88821,1690.300049,2024-02-12 14:15:00+05:30,32190.38821,1679.800049
2024-02-12 15:15:00+05:30,32193.08755,1680.099976,2024-02-13 09:15:00+05:30,32142.23733,1674.449951
2024-02-13 10:15:00+05:30,32222.31091,1677.949951,2024-02-13 11:15:00+05:30,32042.76184,1668.5
2024-02-13 12:15:00+05:30,32192.8623,1676.400024,2024-02-13 13:15:00+05:30,32162.46277,1674.800049
2024-02-13 14:15:00+05:30,32418.96277,1688.300049,2024-02-14 11:15:00+05:30,31502.21277,1640.050049
2024-02-15 09:15:00+05:30,32525.2374,1680.949951,2024-02-15 11:15:00+05:30,32397.43784,1666.75
2024-02-16 09:15:00+05:30,32678.68784,1698,2024-02-16 09:15:00+05:30,32261.26184,1698
2024-02-20 11:15:00+05:30,45464.36121,1683.349976,2024-02-20 14:15:00+05:30,45167.81098,1687.400024
2024-02-20 15:15:00+05:30,45186.0113,1688.800049,2024-02-21 09:15:00+05:30,44863.61066,1664
2024-02-21 10:15:00+05:30,44868.16034,1664.349976,2024-02-21 11:15:00+05:30,44853.21003,1663.199951
2024-02-21 12:15:00+05:30,44854.5113,1663.300049,2024-02-21 13:15:00+05:30,44764.16034,1656.349976
2024-02-21 14:15:00+05:30,44836.96003,1661.949951,2024-02-22 09:15:00+05:30,44649.11066,1647.5
2024-02-22 11:15:00+05:30,44734.91034,1654.099976,2024-02-22 12:15:00+05:30,44732.96003,1653.949951
2024-02-22 14:15:00+05:30,45069.66034,1679.849976,2024-02-22 15:15:00+05:30,45067.71003,1679.699951
2024-02-23 09:15:00+05:30,45132.71003,1684.699951,2024-02-23 11:15:00+05:30,45057.31098,1678.900024
2024-02-23 11:15:00+05:30,45438.36121,1678.900024,2024-02-23 12:15:00+05:30,45311.45923,1674.199951
2024-02-23 14:15:00+05:30,45385.70923,1676.949951,2024-02-26 13:15:00+05:30,41609.31177,1660.050049
2024-02-26 14:15:00+05:30,41650.55933,1661.699951,2024-02-27 09:15:00+05:30,41514.31055,1656.25
2024-02-27 10:15:00+05:30,41575.55933,1658.699951,2024-02-27 11:15:00+05:30,41479.30994,1654.849976
2024-02-27 12:15:00+05:30,41518.317,1663.650024,2024-02-27 13:15:00+05:30,41463.11729,1659.050049
2024-02-28 09:15:00+05:30,41708.5167,1679.5,2024-02-28 10:15:00+05:30,41650.317,1674.650024
2024-02-28 11:15:00+05:30,42105.56116,1675.050049,2024-02-28 12:15:00+05:30,41924.31116,1667.800049
2024-02-28 13:15:00+05:30,42070.56055,1673.650024,2024-02-28 14:15:00+05:30,42005.56116,1671.050049
2024-02-28 15:15:00+05:30,42010.55994,1671.25,2024-02-29 11:15:00+05:30,40172.51111,1664.300049
2024-02-29 14:15:00+05:30,40462.91052,1676.400024,2024-03-01 09:15:00+05:30,40174.91052,1664.400024
2024-03-01 11:15:00+05:30,40300.91052,1669.650024,2024-03-01 14:15:00+05:30,39898.91052,1652.900024
2024-03-01 15:15:00+05:30,39920.51111,1653.800049,2024-03-04 11:15:00+05:30,39480.10876,1635.449951
2024-03-04 13:15:00+05:30,39553.30994,1638.5,2024-03-05 10:15:00+05:30,38775.70935,1606.099976
2024-03-05 12:15:00+05:30,38936.51111,1612.800049,2024-03-05 13:15:00+05:30,38745.70935,1604.849976
2024-03-05 14:15:00+05:30,38785.30994,1606.5,2024-03-06 11:15:00+05:30,38100.10876,1577.949951
2024-03-06 14:15:00+05:30,38769.16573,1618,2024-03-07 09:15:00+05:30,38733.16573,1615
2024-03-07 10:15:00+05:30,38877.16573,1627,2024-03-07 13:15:00+05:30,38680.36544,1610.599976
2024-03-07 14:15:00+05:30,38883.70935,1617.449951,2024-03-11 11:15:00+05:30,36914.36108,1602.150024
2024-03-11 13:15:00+05:30,36977.61108,1604.900024,2024-03-11 14:15:00+05:30,36839.61108,1598.900024
2024-03-12 11:15:00+05:30,37109.92164,1623.099976,2024-03-12 14:15:00+05:30,36983.97217,1611.650024
2024-03-12 15:15:00+05:30,37132.86108,1614.400024,2024-03-18 11:15:00+05:30,16173.16077,1617.150024
2024-03-18 12:15:00+05:30,16221.66052,1622,2024-03-19 09:15:00+05:30,15835.16028,1583.349976
2024-03-19 10:15:00+05:30,15842.16101,1584.050049,2024-03-19 11:15:00+05:30,15717.16101,1571.550049
2024-03-19 12:15:00+05:30,15762.66028,1576.099976,2024-03-19 14:15:00+05:30,15600.66077,1559.900024
2024-03-20 11:15:00+05:30,15676.16003,1567.449951,2024-03-20 14:15:00+05:30,15551.16003,1554.949951
2024-03-21 09:15:00+05:30,15595.9913,1561.949951,2024-03-21 11:15:00+05:30,15509.24142,1544.599976
2024-03-21 15:15:00+05:30,15563.74154,1555.5,2024-03-22 14:15:00+05:30,15321.49179,1507.050049
2024-03-22 15:15:00+05:30,15343.74154,1511.5,2024-03-26 11:15:00+05:30,15246.24154,1492
2024-03-26 12:15:00+05:30,15271.49179,1497.050049,2024-03-26 13:15:00+05:30,15253.24166,1493.400024
2024-03-26 14:15:00+05:30,15256.24154,1494,2024-03-26 15:15:00+05:30,15251.99166,1493.150024
2024-03-27 10:15:00+05:30,15267.74179,1496.300049,2024-03-27 11:15:00+05:30,15249.7413,1492.699951
2024-03-27 13:15:00+05:30,15251.74142,1493.099976,2024-03-27 14:15:00+05:30,15203.99179,1483.550049
2024-03-28 10:15:00+05:30,15315.74166,1505.900024,2024-03-28 11:15:00+05:30,15307.99142,1504.349976
2024-03-28 12:15:00+05:30,15325.9913,1507.949951,2024-03-28 13:15:00+05:30,15018.16028,1504.949951
2024-04-01 10:15:00+05:30,17991.21045,1501.599976,2024-04-01 11:15:00+05:30,17974.71045,1500.099976
2024-04-02 10:15:00+05:30,22290.21106,1486.900024,2024-04-02 13:15:00+05:30,22223.71106,1482.150024
2024-04-02 14:15:00+05:30,22236.3114,1483.050049,2024-04-02 15:15:00+05:30,22233.51038,1482.849976
2024-04-03 10:15:00+05:30,22337.11072,1490.25,2024-04-03 11:15:00+05:30,22291.61072,1487
2024-04-03 13:15:00+05:30,22342.01038,1490.599976,2024-04-04 11:15:00+05:30,20623.41324,1478
2024-04-04 13:15:00+05:30,22257.3114,1487.900024,2024-04-04 14:15:00+05:30,22223.71106,1485.5
2024-04-04 15:15:00+05:30,22272.71106,1489,2024-04-05 14:15:00+05:30,22132.71106,1479
2024-04-08 09:15:00+05:30,22210.41174,1483.5,2024-04-08 10:15:00+05:30,22175.41174,1481
2024-04-08 12:15:00+05:30,23630.91248,1479.300049,2024-04-09 09:15:00+05:30,22539.05404,1507.300049
2024-04-09 11:15:00+05:30,25448.51245,1502.599976,2024-04-09 12:15:00+05:30,25359.71362,1497.050049
2024-04-09 13:15:00+05:30,25362.11206,1497.199951,2024-04-09 14:15:00+05:30,25301.31323,1493.400024
2024-04-10 10:15:00+05:30,26895.01367,1499.300049,2024-04-10 11:15:00+05:30,26883.96326,1498.650024
2024-04-10 13:15:00+05:30,27015.71326,1506.400024,2024-04-10 14:15:00+05:30,27009.76367,1506.050049
2024-04-12 10:15:00+05:30,28406.91284,1500,2024-04-12 12:15:00+05:30,28150.41284,1485.75
2024-04-12 13:15:00+05:30,28188.2124,1487.849976,2024-04-12 15:15:00+05:30,28094.61328,1484.75
2024-04-15 09:15:00+05:30,29400.76282,1475.349976,2024-04-15 10:15:00+05:30,29224.06421,1466.050049
2024-04-15 11:15:00+05:30,29270.61328,1468.5,2024-04-15 12:15:00+05:30,29156.61328,1462.5
2024-04-15 14:15:00+05:30,29258.26282,1467.849976,2024-04-16 14:15:00+05:30,28231.31421,1413.800049
2024-04-16 15:15:00+05:30,28257.91235,1415.199951,2024-04-18 10:15:00+05:30,27094.58347,1427.449951
2024-04-18 11:15:00+05:30,27171.53391,1436,2024-04-18 14:15:00+05:30,26997.83347,1416.699951
2024-04-18 15:15:00+05:30,27116.63413,1429.900024,2024-04-19 09:15:00+05:30,26802.53391,1395
2024-04-19 10:15:00+05:30,26884.43369,1404.099976,2024-04-19 11:15:00+05:30,26860.13413,1401.400024
2024-04-19 13:15:00+05:30,26965.88413,1413.150024,2024-04-19 14:15:00+05:30,26948.78391,1411.25
2024-04-22 09:15:00+05:30,28295.75375,1420,2024-04-22 10:15:00+05:30,28289.90353,1419.349976
2024-04-23 09:15:00+05:30,28712.96375,1440.25,2024-04-23 10:15:00+05:30,28662.61328,1437.599976
2024-04-23 13:15:00+05:30,28807.01282,1445.199951,2024-04-24 09:15:00+05:30,28617.01282,1435.199951
2024-04-24 10:15:00+05:30,28632.21375,1436,2024-04-24 12:15:00+05:30,28585.66467,1433.550049
2024-04-24 13:15:00+05:30,28592.31421,1433.900024,2024-04-24 14:15:00+05:30,28532.46375,1430.75
2024-04-25 09:15:00+05:30,28636.01282,1436.199951,2024-04-25 12:15:00+05:30,28612.26282,1434.949951
2024-04-25 13:15:00+05:30,28629.63946,1443.25,2024-04-25 14:15:00+05:30,28582.8399,1438.050049
2024-04-26 09:15:00+05:30,28594.98968,1439.400024,2024-04-26 10:15:00+05:30,28587.3399,1438.550049
2024-04-26 10:15:00+05:30,28696.81421,1438.550049,2024-04-26 13:15:00+05:30,28615.11328,1434.25
2024-04-29 13:15:00+05:30,30124.36328,1438,2024-04-29 14:15:00+05:30,30064.36328,1435
2024-04-29 15:15:00+05:30,30074.36328,1435.5,2024-04-30 10:15:00+05:30,29974.36328,1430.5
2024-04-30 11:15:00+05:30,29995.36426,1431.550049,2024-04-30 12:15:00+05:30,29992.36377,1431.400024
2024-04-30 13:15:00+05:30,29996.36279,1431.599976,2024-04-30 13:15:00+05:30,29992.36377,1431.599976
2024-04-30 15:15:00+05:30,31211.86426,1421.5,2024-05-02 09:15:00+05:30,31098.46375,1416.099976
2024-05-02 12:15:00+05:30,31201.36426,1421,2024-05-02 14:15:00+05:30,31063.81323,1414.449951
2024-05-02 15:15:00+05:30,31126.81323,1417.449951,2024-05-03 10:15:00+05:30,30965.11426,1409.75
2024-05-03 11:15:00+05:30,31010.26477,1411.900024,2024-05-03 12:15:00+05:30,30931.51477,1408.150024
2024-05-03 15:15:00+05:30,31118.41528,1417.050049,2024-05-06 09:15:00+05:30,30178.69728,1433.099976
2024-05-06 11:15:00+05:30,30204.69704,1435.699951,2024-05-06 12:15:00+05:30,30157.19704,1430.949951
2024-05-06 12:15:00+05:30,31510.06323,1430.949951,2024-05-07 13:15:00+05:30,24491.31348,1438.949951
2024-05-07 14:15:00+05:30,24509.16431,1440,2024-05-08 11:15:00+05:30,22989.16431,1435
2024-05-08 12:15:00+05:30,23015.5647,1436.650024,2024-05-08 13:15:00+05:30,22941.16431,1432
2024-05-08 13:15:00+05:30,23015.5647,1432,2024-05-08 14:15:00+05:30,22931.5647,1426.75
2024-05-09 10:15:00+05:30,23053.16431,1434.349976,2024-05-10 12:15:00+05:30,21402.81396,1419.949951
2024-05-10 14:15:00+05:30,21478.5647,1425,2024-05-10 14:15:00+05:30,21428.31506,1425
2024-05-10 15:15:00+05:30,21443.31506,1426,2024-05-13 09:15:00+05:30,21278.31506,1415
2024-05-13 14:15:00+05:30,21413.31506,1424,2024-05-14 09:15:00+05:30,21340.56543,1419.150024
2024-05-14 10:15:00+05:30,21412.56433,1423.949951,2024-05-14 11:15:00+05:30,21395.3158,1422.800049
2024-05-14 13:15:00+05:30,21516.81543,1430.900024,2024-05-14 14:15:00+05:30,21428.31506,1425
2024-05-14 14:15:00+05:30,21516.81543,1425,2024-05-15 09:15:00+05:30,21462.06506,1421.349976
2024-05-15 10:15:00+05:30,21532.56616,1426.050049,2024-05-15 14:15:00+05:30,21434.31543,1419.5
2024-05-15 15:15:00+05:30,21449.31543,1420.5,2024-05-16 10:15:00+05:30,20296.21509,1439.599976
2024-05-16 11:15:00+05:30,20404.71509,1447.349976,2024-05-17 09:15:00+05:30,18889.11511,1442.099976
2024-05-17 11:15:00+05:30,18968.41479,1448.199951,2024-05-17 14:15:00+05:30,18919.66479,1444.449951
2024-05-17 15:15:00+05:30,18926.81543,1445,2024-05-21 09:15:00+05:30,18738.31543,1430.5
2024-05-21 12:15:00+05:30,18860.51575,1439.900024,2024-05-21 15:15:00+05:30,18785.76575,1434.150024
2024-05-22 12:15:00+05:30,18904.16356,1458.25,2024-05-22 14:15:00+05:30,18884.96385,1455.050049
2024-05-22 14:15:00+05:30,19079.56543,1455.050049,2024-05-22 15:15:00+05:30,19069.81543,1454.300049
2024-05-23 11:15:00+05:30,19329.16479,1474.25,2024-05-23 13:15:00+05:30,19294.71448,1471.599976
2024-05-23 14:15:00+05:30,19310.96448,1472.849976,2024-05-24 11:15:00+05:30,19224.51416,1466.199951
2024-05-24 13:15:00+05:30,19243.36511,1467.650024,2024-05-24 15:15:00+05:30,19179.01416,1462.699951
2024-05-27 11:15:00+05:30,19370.11511,1477.400024,2024-05-27 12:15:00+05:30,19328.51416,1474.199951
2024-05-27 13:15:00+05:30,19352.56543,1476.050049,2024-05-27 14:15:00+05:30,19284.31543,1470.800049
2024-05-27 15:15:00+05:30,19286.91479,1471,2024-05-28 09:15:00+05:30,19272.61511,1469.900024
2024-05-28 11:15:00+05:30,19339.56384,1473.949951,2024-05-29 14:15:00+05:30,19034.06384,1450.449951
2024-05-29 15:15:00+05:30,19066.56384,1452.949951,2024-05-30 10:15:00+05:30,18833.86511,1435.050049
2024-05-30 11:15:00+05:30,18882.61511,1438.800049,2024-05-30 13:15:00+05:30,18727.26416,1426.849976
2024-05-30 15:15:00+05:30,18800.93679,1434,2024-05-31 09:15:00+05:30,18618.83694,1403.650024
2024-05-31 13:15:00+05:30,18798.53665,1433.599976,2024-05-31 14:15:00+05:30,18627.83694,1405.150024
2024-06-03 09:15:00+05:30,18652.1365,1409.199951,2024-06-03 10:15:00+05:30,18642.23709,1407.550049
2024-06-03 12:15:00+05:30,18650.93679,1409,2024-06-03 14:15:00+05:30,18631.73709,1405.800049
2024-06-03 15:15:00+05:30,18646.1365,1408.199951,2024-06-04 11:15:00+05:30,18486.23709,1381.550049
2024-06-05 11:15:00+05:30,18821.33694,1437.400024,2024-06-05 13:15:00+05:30,18754.56384,1426.300049
2024-06-06 15:15:00+05:30,19351.91321,1472.25,2024-06-07 09:15:00+05:30,18474.26379,1521.800049
2024-06-07 12:15:00+05:30,18630.86292,1534.849976,2024-06-10 09:15:00+05:30,18246.26379,1502.800049
2024-06-10 10:15:00+05:30,18263.06262,1504.199951,2024-06-10 12:15:00+05:30,18230.06262,1501.449951
2024-06-10 13:15:00+05:30,18230.66321,1501.5,2024-06-10 15:15:00+05:30,18189.86292,1498.099976
2024-06-11 11:15:00+05:30,18276.26379,1505.300049,2024-06-11 14:15:00+05:30,18158.06262,1495.449951
2024-06-12 09:15:00+05:30,18212.06262,1499.949951,2024-06-12 14:15:00+05:30,18036.86292,1485.349976
2024-06-13 10:15:00+05:30,18062.54215,1496.099976,2024-06-13 12:15:00+05:30,18046.34244,1493.400024
2024-06-13 14:15:00+05:30,18055.94229,1495,2024-06-14 10:15:00+05:30,18024.74259,1489.800049
2024-06-14 11:15:00+05:30,18032.84244,1491.150024,2024-06-14 12:15:00+05:30,18025.34244,1489.900024
2024-06-14 12:15:00+05:30,18106.4635,1489.900024,2024-06-14 13:15:00+05:30,18079.4635,1487.650024
2024-06-14 14:15:00+05:30,18095.66321,1489,2024-06-14 15:15:00+05:30,18090.86292,1488.599976
2024-06-18 11:15:00+05:30,18264.26379,1503.050049,2024-06-18 14:15:00+05:30,18196.4635,1497.400024
2024-06-19 12:15:00+05:30,18390.26379,1513.550049,2024-06-19 13:15:00+05:30,18324.86292,1508.099976
2024-06-19 14:15:00+05:30,18371.06262,1511.949951,2024-06-20 09:15:00+05:30,18306.26379,1506.550049
2024-06-20 10:15:00+05:30,18347.66321,1510,2024-06-20 11:15:00+05:30,18314.06262,1507.199951
2024-06-20 14:15:00+05:30,18413.66321,1515.5,2024-06-21 12:15:00+05:30,17085.16321,1532.5
2024-06-21 13:15:00+05:30,17156.11267,1538.949951,2024-06-24 10:15:00+05:30,16964.71375,1521.550049
2024-06-24 12:15:00+05:30,16989.46375,1523.800049,2024-06-24 13:15:00+05:30,16983.41321,1523.25
2024-06-24 14:15:00+05:30,17027.96375,1527.300049,2024-06-25 09:15:00+05:30,17007.06348,1525.400024
2024-06-25 11:15:00+05:30,17063.0244,1535.75,2024-06-25 12:15:00+05:30,17062.27428,1535.599976
2024-06-25 14:15:00+05:30,17103.0244,1543.75,2024-06-25 15:15:00+05:30,17085.27415,1540.199951
2024-06-25 15:15:00+05:30,17208.91321,1540.199951,2024-06-26 09:15:00+05:30,17164.91321,1536.199951
2024-06-26 10:15:00+05:30,17252.91321,1544.199951,2024-06-26 13:15:00+05:30,17217.71375,1541
2024-06-26 14:15:00+05:30,17219.91321,1541.199951,2024-06-26 15:15:00+05:30,17214.41321,1540.699951
2024-06-27 12:15:00+05:30,17514.71375,1568,2024-06-27 13:15:00+05:30,17486.11401,1565.400024
2024-06-27 14:15:00+05:30,17584.56348,1574.349976,2024-06-27 15:15:00+05:30,17547.71375,1571
2024-06-28 09:15:00+05:30,17634.61401,1578.900024,2024-06-28 11:15:00+05:30,17585.11401,1574.400024
2024-06-28 12:15:00+05:30,17591.71375,1575,2024-06-28 14:15:00+05:30,17485.01428,1565.300049
2024-07-01 11:15:00+05:30,17799.61401,1593.900024,2024-07-01 12:15:00+05:30,17782.56348,1592.349976
2024-07-01 13:15:00+05:30,17802.36401,1594.150024,2024-07-02 09:15:00+05:30,16390.2135,1612.349976
2024-07-02 11:15:00+05:30,16561.71375,1629.5,2024-07-02 13:15:00+05:30,16436.71375,1617
2024-07-02 14:15:00+05:30,16480.71399,1621.400024,2024-07-03 09:15:00+05:30,16408.21399,1614.150024
2024-07-03 10:15:00+05:30,16459.21375,1619.25,2024-07-03 11:15:00+05:30,16445.2135,1617.849976
2024-07-03 12:15:00+05:30,16568.21399,1630.150024,2024-07-03 14:15:00+05:30,16553.21399,1628.650024
2024-07-04 12:15:00+05:30,16843.71326,1657.699951,2024-07-04 15:15:00+05:30,16756.71375,1649
2024-07-05 11:15:00+05:30,16868.21399,1660.150024,2024-07-05 13:15:00+05:30,16774.21375,1650.75
2024-07-05 14:15:00+05:30,16776.21326,1650.949951,2024-07-05 15:15:00+05:30,16741.21326,1647.449951
2024-07-08 10:15:00+05:30,16855.71399,1658.900024,2024-07-08 11:15:00+05:30,16845.2135,1657.849976
2024-07-08 12:15:00+05:30,16853.71326,1658.699951,2024-07-08 13:15:00+05:30,16786.71375,1652
2024-07-08 14:15:00+05:30,16954.71301,1662.099976,2024-07-09 09:15:00+05:30,16934.71301,1660.099976
2024-07-09 10:15:00+05:30,16950.71277,1661.699951,2024-07-09 11:15:00+05:30,16934.71301,1660.099976
2024-07-09 13:15:00+05:30,16986.21326,1665.25,2024-07-09 15:15:00+05:30,16881.21326,1654.75
2024-07-10 09:15:00+05:30,16886.71375,1655.300049,2024-07-10 11:15:00+05:30,16776.21326,1644.25
2024-07-10 12:15:00+05:30,16799.71301,1646.599976,2024-07-10 13:15:00+05:30,16740.71277,1640.699951
2024-07-10 14:15:00+05:30,16751.46724,1649.900024,2024-07-10 15:15:00+05:30,16743.21712,1648.25
2024-07-11 10:15:00+05:30,16769.967,1653.599976,2024-07-11 12:15:00+05:30,16766.46724,1652.900024
2024-07-11 13:15:00+05:30,16767.467,1653.099976,2024-07-11 15:15:00+05:30,16761.96712,1652
2024-07-12 09:15:00+05:30,16941.96712,1688,2024-07-12 09:15:00+05:30,16853.71326,1688
2024-07-12 13:15:00+05:30,17103.01282,1715.699951,2024-07-12 14:15:00+05:30,17065.21326,1711.5
2024-07-15 14:15:00+05:30,22147.51355,1707.150024,2024-07-15 15:15:00+05:30,22146.31384,1707.050049
2024-07-16 10:15:00+05:30,24016.51294,1719.599976,2024-07-16 11:15:00+05:30,23982.71326,1717
2024-07-18 13:15:00+05:30,26353.51257,1763.699951,2024-07-18 14:15:00+05:30,26294.71326,1759.5
2024-07-19 09:15:00+05:30,27026.91394,1811.800049,2024-07-19 10:15:00+05:30,26988.41394,1809.050049
2024-07-19 11:15:00+05:30,27076.61292,1815.349976,2024-07-19 12:15:00+05:30,27054.91394,1813.800049
2024-07-19 13:15:00+05:30,28575.46326,1794.25,2024-07-19 15:15:00+05:30,28502.71362,1789.400024
2024-07-22 10:15:00+05:30,28963.21289,1820.099976,2024-07-22 13:15:00+05:30,28714.96399,1803.550049
2024-07-22 14:15:00+05:30,28853.71399,1812.800049,2024-07-22 15:15:00+05:30,28824.46289,1810.849976
2024-07-23 10:15:00+05:30,28842.46399,1812.050049,2024-07-23 12:15:00+05:30,28742.71362,1805.400024
2024-07-23 14:15:00+05:30,29278.21289,1836.900024,2024-07-24 09:15:00+05:30,29185.96252,1830.75
2024-07-24 11:15:00+05:30,30967.11292,1827.650024,2024-07-24 12:15:00+05:30,30911.11292,1824.150024
2024-07-25 09:15:00+05:30,32732.71252,1824,2024-07-25 10:15:00+05:30,32651.96252,1819.25
2024-07-25 12:15:00+05:30,32804.11169,1828.199951,2024-07-25 14:15:00+05:30,32725.06335,1823.550049
2024-07-26 09:15:00+05:30,33465.75176,1876.099976,2024-07-26 10:15:00+05:30,33375.35234,1864.800049
2024-07-26 10:15:00+05:30,33618.41211,1864.800049,2024-07-26 13:15:00+05:30,30121.61084,1879.349976
2024-07-29 09:15:00+05:30,30166.41162,1882.150024,2024-07-29 10:15:00+05:30,30068.81201,1876.050049
2024-07-29 11:15:00+05:30,30112.01123,1878.75,2024-07-29 13:15:00+05:30,29932.01123,1867.5
2024-07-29 14:15:00+05:30,29980.81201,1870.550049,2024-07-30 09:15:00+05:30,28091.51196,1869.300049
2024-07-30 10:15:00+05:30,28102.01123,1870,2024-07-30 12:15:00+05:30,28036.01086,1865.599976
2024-07-30 14:15:00+05:30,28155.61038,1875.550049,2024-07-30 15:15:00+05:30,28153.15969,1875.199951
2024-07-31 09:15:00+05:30,28184.65969,1879.699951,2024-07-31 11:15:00+05:30,28095.76003,1867
2024-07-31 13:15:00+05:30,28115.01003,1869.75,2024-07-31 14:15:00+05:30,28103.81021,1868.150024
