Signal,Start Close Price,Start Date,End Close Price,End Date,Start Investment,End Investment,Profit/Loss,Highest Investment,Lowest Investment,Highest Percentage,Lowest Percentage
Buy - Sell,1497.6500244140625,2023-01-04 12:15:00+05:30,1484.4000244140625,2023-01-09 15:15:00+05:30,98844.90161132812,97970.40161132812,-874.5,99458.69677734376,95601.0,0.620967956879726,0.0
Short Sell - Buy,1484.4000244140625,2023-01-09 15:15:00+05:30,1487.0,2023-01-11 10:15:00+05:30,97970.40161132812,99645.75,-1675.348388671875,99645.75,97880.3016357422,0.0,0.09196652673056396
Buy - Sell,1487.0,2023-01-11 10:15:00+05:30,1461.800048828125,2023-01-12 09:15:00+05:30,99629.0,97940.60327148438,-1688.396728515625,99629.0,98493.35327148438,0.0,0.0
Short Sell - Buy,1463.0,2023-01-10 09:15:00+05:30,1483.3499755859375,2023-01-12 15:15:00+05:30,98021.0,97719.59838867188,301.401611328125,99645.75,97719.59838867188,0.0,0.3074867745974077
Buy - Sell,1483.3499755859375,2023-01-12 15:15:00+05:30,1513.75,2023-01-13 12:15:00+05:30,97901.09838867188,99907.5,2006.401611328125,99036.30322265624,97356.59838867188,1.1595424899908118,0.0
Short Sell - Buy,1460.9000244140625,2023-01-10 10:15:00+05:30,1535.0,2023-01-20 09:15:00+05:30,97880.3016357422,101409.0,-3528.698364257798,102496.60327148438,97356.59838867188,0.0,0.5350445782434026
Buy - Sell,1535.0,2023-01-20 09:15:00+05:30,1561.5,2023-01-24 09:15:00+05:30,101310.0,103059.0,1749.0,102399.0,100663.19677734376,1.0749185667752443,0.0
Short Sell - Buy,1464.0999755859375,2023-01-10 11:15:00+05:30,1541.800048828125,2023-01-25 15:15:00+05:30,98094.6983642578,98784.0,-689.301635742202,103125.0,97356.59838867188,0.0,0.7524361539347576
Buy - Sell,1541.800048828125,2023-01-25 15:15:00+05:30,1522.449951171875,2023-01-31 12:15:00+05:30,98675.203125,97436.796875,-1238.40625,98675.203125,96873.6015625,0.0,0.0
Short Sell - Buy,1463.800048828125,2023-01-10 12:15:00+05:30,1540.6500244140625,2023-02-01 11:15:00+05:30,98074.60327148438,98326.3984375,-251.795166015625,103125.0,95886.0,0.0,2.2315698442603042
Buy - Sell,1540.6500244140625,2023-02-01 11:15:00+05:30,1552.9000244140625,2023-02-01 14:15:00+05:30,98601.6015625,99385.6015625,784.0,99280.0,98601.6015625,0.688019694152724,0.0
Short Sell - Buy,1467.800048828125,2023-01-10 13:15:00+05:30,1565.0,2023-02-06 15:15:00+05:30,98342.60327148438,100515.203125,-2172.599853515625,103125.0,95886.0,0.0,2.4980051267330006
Buy - Sell,1565.0,2023-02-06 15:15:00+05:30,1599.75,2023-02-08 11:15:00+05:30,100160.0,102384.0,2224.0,102236.796875,99888.0,2.0734793081070286,0.0
Short Sell - Buy,1469.25,2023-01-10 14:15:00+05:30,1569.6500244140625,2023-02-13 12:15:00+05:30,98439.75,100496.0,-2056.25,103125.0,95886.0,0.0,2.5942264176818814
Buy - Sell,1569.6500244140625,2023-02-13 12:15:00+05:30,1588.9000244140625,2023-02-15 10:15:00+05:30,100457.6015625,101689.6015625,1232.0,102048.0,100288.0,1.5831539005144661,0.0
Short Sell - Buy,1471.9000244140625,2023-01-10 15:15:00+05:30,1581.9000244140625,2023-02-17 14:15:00+05:30,98617.3016357422,99710.09692382812,-1092.795288085923,103125.0,95886.0,0.0,2.7695968054679434
Buy - Sell,1581.9000244140625,2023-02-17 14:15:00+05:30,1587.050048828125,2023-02-21 11:15:00+05:30,99659.70153808594,99984.15307617188,324.4515380859375,100692.90307617188,99659.70153808594,1.0367295126717686,0.0
Short Sell - Buy,1487.25,2023-01-11 09:15:00+05:30,1567.0,2023-02-22 09:15:00+05:30,99645.75,99508.5,137.25,103125.0,95886.0,0.0,3.7731162643665184
Buy - Sell,1567.0,2023-02-22 09:15:00+05:30,1513.75,2023-03-06 10:15:00+05:30,98721.0,95366.25,-3354.75,98941.5,92729.70153808594,0.22335673261008296,0.0
Short Sell - Buy,1461.800048828125,2023-01-12 09:15:00+05:30,1486.300048828125,2023-03-09 09:15:00+05:30,99402.4033203125,86681.0,12721.4033203125,103125.0,86205.40283203125,0.0,13.276339452030628
Buy - Sell,1486.300048828125,2023-03-09 09:15:00+05:30,1422.0999755859375,2023-03-17 14:15:00+05:30,86205.40283203125,82481.79858398438,-3723.604248046875,86367.79858398438,81432.0,0.18838233639433072,0.0
Short Sell - Buy,1463.5,2023-01-12 10:15:00+05:30,1403.6500244140625,2023-03-20 15:15:00+05:30,99518.0,82718.0,16800.0,103125.0,81432.0,0.0,18.173596736268816
Buy - Sell,1403.6500244140625,2023-03-20 15:15:00+05:30,1389.5,2023-03-27 09:15:00+05:30,82815.35144042969,81980.5,-834.8514404296875,82815.35144042969,80989.29711914062,0.0,0.0
Short Sell - Buy,1468.800048828125,2023-01-12 11:15:00+05:30,1385.4000244140625,2023-03-28 10:15:00+05:30,98409.60327148438,80417.0,17992.603271484375,103125.0,80353.20141601562,0.0,18.34821120623383
Buy - Sell,1385.4000244140625,2023-03-28 10:15:00+05:30,1378.199951171875,2023-03-28 13:15:00+05:30,80353.20141601562,79935.59716796875,-417.604248046875,80353.20141601562,80069.0,0.0,0.0
Short Sell - Buy,1471.050048828125,2023-01-12 12:15:00+05:30,1378.0,2023-03-28 14:15:00+05:30,98560.35327148438,79935.59716796875,18624.756103515625,103125.0,79924.0,0.0,18.908569879158776
Buy - Sell,1378.0,2023-03-28 14:15:00+05:30,1378.5999755859375,2023-03-28 15:15:00+05:30,79924.0,79958.79858398438,34.798583984375,79924.0,79924.0,0.0,0.0
Short Sell - Buy,1474.550048828125,2023-01-12 13:15:00+05:30,1376.25,2023-03-29 09:15:00+05:30,98794.85327148438,79958.79858398438,18836.0546875,103125.0,79822.5,0.0,19.203787083269503
Buy - Sell,1376.25,2023-03-29 09:15:00+05:30,1410.75,2023-03-31 11:15:00+05:30,79822.5,81823.5,2001.0,81455.20141601562,79320.79858398438,2.045415034627611,0.0
Short Sell - Buy,1480.5999755859375,2023-01-12 14:15:00+05:30,1423.0999755859375,2023-04-05 12:15:00+05:30,97719.59838867188,88123.69848632812,9595.89990234375,103125.0,79320.79858398438,0.0,18.828157409640333
Buy - Sell,1423.0999755859375,2023-04-05 12:15:00+05:30,1427.449951171875,2023-04-06 10:15:00+05:30,88232.19848632812,88501.89697265625,269.698486328125,88319.0,88213.60302734375,0.098378500321881,0.0
Short Sell - Buy,1513.75,2023-01-13 12:15:00+05:30,1407.800048828125,2023-04-11 14:15:00+05:30,98393.75,94252.25,4141.5,103125.0,79320.79858398438,0.0,19.384311926332337
Buy - Sell,1407.800048828125,2023-04-11 14:15:00+05:30,1384.449951171875,2023-04-13 11:15:00+05:30,94322.60327148438,92758.14672851562,-1564.45654296875,95759.75,93327.64672851562,1.523650406869234,0.0
Short Sell - Buy,1518.300048828125,2023-01-13 13:15:00+05:30,1384.8499755859375,2023-04-13 15:15:00+05:30,98689.50317382812,94649.20166015624,4040.3015136718896,103125.0,79320.79858398438,0.0,19.62590140486209
Buy - Sell,1384.8499755859375,2023-04-13 15:15:00+05:30,1241.0,2023-04-19 11:15:00+05:30,94169.79833984376,84388.0,-9781.798339843765,94169.79833984376,83772.5966796875,0.0,0.0
Short Sell - Buy,1503.449951171875,2023-01-13 14:15:00+05:30,1232.3499755859375,2023-04-19 14:15:00+05:30,99227.69677734376,84061.5966796875,15166.100097656265,103125.0,79320.79858398438,0.0,20.061836402419296
Buy - Sell,1232.3499755859375,2023-04-19 14:15:00+05:30,1231.449951171875,2023-04-25 10:15:00+05:30,83799.79833984375,83738.5966796875,-61.20166015625,83799.79833984375,82983.79833984375,0.0,0.0
Short Sell - Buy,1503.9000244140625,2023-01-13 15:15:00+05:30,1230.0,2023-04-27 09:15:00+05:30,99257.40161132812,82232.44836425781,17024.953247070312,103125.0,79320.79858398438,0.0,20.08575955414534
Buy - Sell,1230.0,2023-04-27 09:15:00+05:30,1238.0,2023-04-27 11:15:00+05:30,82410.0,82946.0,536.0,82410.0,82386.55163574219,0.0,0.0
Short Sell - Buy,1515.9000244140625,2023-01-16 09:15:00+05:30,1272.75,2023-05-04 11:15:00+05:30,100049.40161132812,83714.40161132812,16335.0,103125.0,79320.79858398438,0.0,20.718367819799884
Buy - Sell,1272.75,2023-05-04 11:15:00+05:30,1257.0999755859375,2023-05-05 11:15:00+05:30,84001.5,82968.59838867188,-1032.901611328125,84084.0,83503.19677734375,0.09821253191907287,0.0
Short Sell - Buy,1522.8499755859375,2023-01-16 10:15:00+05:30,1260.1500244140625,2023-05-05 15:15:00+05:30,100508.09838867188,83160.0,17348.098388671875,103125.0,79320.79858398438,0.0,21.08019169037974
Buy - Sell,1260.1500244140625,2023-05-05 15:15:00+05:30,1271.1500244140625,2023-05-09 11:15:00+05:30,83169.90161132812,83895.90161132812,726.0,83820.0,83169.90161132812,0.7816510252830798,0.0
Short Sell - Buy,1517.449951171875,2023-01-16 11:15:00+05:30,1262.550048828125,2023-05-10 14:15:00+05:30,100151.69677734376,84580.80163574219,15570.895141601577,103125.0,79320.79858398438,0.0,20.799346255381405
Buy - Sell,1262.550048828125,2023-05-10 14:15:00+05:30,1258.3499755859375,2023-05-15 15:15:00+05:30,84590.85327148438,84309.44836425781,-281.4049072265625,84919.14672851562,83431.75,0.38809569159638435,0.0
Short Sell - Buy,1523.949951171875,2023-01-16 12:15:00+05:30,1243.800048828125,2023-05-17 11:15:00+05:30,100580.69677734376,85010.20166015625,15570.495117187515,103125.0,79320.79858398438,0.0,21.137155413053645
Buy - Sell,1243.800048828125,2023-05-17 11:15:00+05:30,1266.5999755859375,2023-05-19 10:15:00+05:30,85822.20336914062,87395.39831542969,1573.1949462890625,87533.39831542969,85756.64831542969,1.9938837260199762,0.0
Short Sell - Buy,1521.0,2023-01-16 13:15:00+05:30,1294.0,2023-05-25 09:15:00+05:30,100386.0,88345.5966796875,12040.4033203125,103125.0,79320.79858398438,0.0,20.984202394771806
Buy - Sell,1294.0,2023-05-25 09:15:00+05:30,1319.0,2023-05-26 10:15:00+05:30,89286.0,91011.0,1725.0,90707.39831542967,89275.64831542969,1.591961019005973,0.0
Short Sell - Buy,1526.0999755859375,2023-01-16 14:15:00+05:30,1312.949951171875,2023-05-30 10:15:00+05:30,100722.59838867188,91035.14831542967,9687.450073242202,103125.0,79320.79858398438,0.0,21.248260218726177
Buy - Sell,1312.949951171875,2023-05-30 10:15:00+05:30,1329.449951171875,2023-05-31 09:15:00+05:30,90593.54663085938,91732.04663085938,1138.5,91266.29663085938,90593.54663085938,0.7426025638903925,0.0
Short Sell - Buy,1523.75,2023-01-16 15:15:00+05:30,1320.5,2023-06-01 15:15:00+05:30,100567.5,89712.4033203125,10855.0966796875,103125.0,79320.79858398438,0.0,21.126806787496584
Buy - Sell,1320.5,2023-06-01 15:15:00+05:30,1287.199951171875,2023-06-08 10:15:00+05:30,89794.0,87529.5966796875,-2264.4033203125,89794.0,86710.20166015625,0.0,0.0
Short Sell - Buy,1536.699951171875,2023-01-17 09:15:00+05:30,1265.550048828125,2023-06-09 10:15:00+05:30,101422.19677734376,87581.70336914062,13840.49340820314,103125.0,79320.79858398438,0.0,21.791480460514457
Buy - Sell,1265.550048828125,2023-06-09 10:15:00+05:30,1292.949951171875,2023-06-12 15:15:00+05:30,87322.95336914062,89213.54663085938,1890.59326171875,89337.75,87285.0,2.3072932752769115,0.0
Short Sell - Buy,1533.9000244140625,2023-01-17 10:15:00+05:30,1286.25,2023-06-15 10:15:00+05:30,101237.40161132812,87543.20166015625,13694.199951171875,103125.0,79320.79858398438,0.0,21.648721399909334
Buy - Sell,1286.25,2023-06-15 10:15:00+05:30,1293.75,2023-06-19 11:15:00+05:30,87465.0,87975.0,510.0,87856.0,87264.4033203125,0.44703595724003886,0.0
Short Sell - Buy,1536.949951171875,2023-01-17 11:15:00+05:30,1281.5,2023-06-22 11:15:00+05:30,101438.69677734376,98679.35375976562,2759.3430175781396,103125.0,79320.79858398438,0.0,21.804201844102753
Buy - Sell,1281.5,2023-06-22 11:15:00+05:30,1277.550048828125,2023-06-27 12:15:00+05:30,98675.5,98371.35375976562,-304.146240234375,98918.0518798828,97405.0,0.2458076015655334,0.0
Short Sell - Buy,1534.949951171875,2023-01-17 12:15:00+05:30,1341.9000244140625,2023-07-07 09:15:00+05:30,101306.69677734376,87282.00317382812,14024.69360351564,103125.0,79320.79858398438,0.0,21.702314745964866
Buy - Sell,1341.9000244140625,2023-07-07 09:15:00+05:30,1345.550048828125,2023-07-11 11:15:00+05:30,87223.50158691406,87460.75317382812,237.2515869140625,87425.0,86047.00317382812,0.2310139004052181,0.0
Short Sell - Buy,1536.4000244140625,2023-01-17 13:15:00+05:30,1375.449951171875,2023-07-13 11:15:00+05:30,101402.40161132812,76678.0,24724.401611328125,103125.0,75649.74731445312,0.0,25.396493463324493
Buy - Sell,1375.449951171875,2023-07-13 11:15:00+05:30,1367.050048828125,2023-07-13 12:15:00+05:30,75649.74731445312,75187.75268554688,-461.99462890625,75649.74731445312,75649.74731445312,0.0,0.0
Short Sell - Buy,1539.8499755859375,2023-01-17 14:15:00+05:30,1447.0999755859375,2023-07-20 13:15:00+05:30,101630.09838867188,75285.6025390625,26344.495849609375,103125.0,74497.49755859375,0.0,26.697406831500658
Buy - Sell,1447.0999755859375,2023-07-20 13:15:00+05:30,1339.949951171875,2023-07-25 11:15:00+05:30,75249.19873046875,69677.3974609375,-5571.80126953125,75400.0,68928.6025390625,0.20040249208685576,0.0
Short Sell - Buy,1538.800048828125,2023-01-17 15:15:00+05:30,1344.6500244140625,2023-07-26 10:15:00+05:30,101560.80322265624,68464.94750976562,33095.85571289061,103125.0,68464.94750976562,0.0,32.58723312805345
Buy - Sell,1344.6500244140625,2023-07-26 10:15:00+05:30,1345.699951171875,2023-07-26 11:15:00+05:30,68577.15124511719,68630.69750976562,53.5462646484375,68577.15124511719,68577.15124511719,0.0,0.0
Short Sell - Buy,1546.6500244140625,2023-01-18 09:15:00+05:30,1341.5,2023-07-28 14:15:00+05:30,102078.90161132812,65709.0,36369.901611328125,103125.0,65581.60119628906,0.0,35.754009730634486
Buy - Sell,1341.5,2023-07-28 14:15:00+05:30,1363.5,2023-08-01 09:15:00+05:30,65733.5,66811.5,1078.0,66407.25,65684.5,1.0249720462169214,0.0
Short Sell - Buy,1548.0,2023-01-18 10:15:00+05:30,1363.449951171875,2023-08-03 10:15:00+05:30,102168.0,67957.50122070312,34210.498779296875,103125.0,65383.201171875,0.0,36.004227182801856
Buy - Sell,1363.449951171875,2023-08-03 10:15:00+05:30,1369.3499755859375,2023-08-04 10:15:00+05:30,68172.49755859375,68467.49877929688,295.001220703125,69084.99755859375,67590.00244140625,1.3385163118245935,0.0
Short Sell - Buy,1548.050048828125,2023-01-18 11:15:00+05:30,1391.550048828125,2023-08-10 09:15:00+05:30,102171.30322265624,69654.99877929688,32516.30444335936,103125.0,65383.201171875,0.0,36.0062961814346
Buy - Sell,1391.550048828125,2023-08-10 09:15:00+05:30,1391.699951171875,2023-08-10 10:15:00+05:30,69577.50244140625,69584.99755859375,7.4951171875,69577.50244140625,69577.50244140625,0.0,0.0
Short Sell - Buy,1547.199951171875,2023-01-18 12:15:00+05:30,1371.0,2023-08-11 11:15:00+05:30,102115.19677734376,68922.49755859375,33192.699218750015,103125.0,65383.201171875,0.0,35.971135310604886
Buy - Sell,1371.0,2023-08-11 11:15:00+05:30,1410.8499755859375,2023-08-16 09:15:00+05:30,68550.0,70542.49877929688,1992.498779296875,69702.50244140625,68502.50244140625,1.681258120213348,0.0
Short Sell - Buy,1549.4000244140625,2023-01-18 13:15:00+05:30,1393.5,2023-08-18 11:15:00+05:30,102260.40161132812,69522.49755859375,32737.904052734375,103125.0,65383.201171875,0.0,36.06205320766897
Buy - Sell,1393.5,2023-08-18 11:15:00+05:30,1399.5999755859375,2023-08-22 10:15:00+05:30,69675.0,69979.99877929688,304.998779296875,70347.49755859375,69350.0,0.9651920467796914,0.0
Short Sell - Buy,1545.050048828125,2023-01-18 14:15:00+05:30,1419.0,2023-08-28 11:15:00+05:30,101973.30322265624,70952.50244140625,31020.800781249985,103125.0,65383.201171875,0.0,35.88204058751302
Buy - Sell,1419.0,2023-08-28 11:15:00+05:30,1420.800048828125,2023-08-29 10:15:00+05:30,70950.0,71040.00244140625,90.00244140625,71015.00244140625,70759.99755859375,0.09161725356765328,0.0
Short Sell - Buy,1544.75,2023-01-18 15:15:00+05:30,1437.800048828125,2023-09-04 09:15:00+05:30,101953.5,72100.0,29853.5,103125.0,65383.201171875,0.0,35.86958645669349
Buy - Sell,1437.800048828125,2023-09-04 09:15:00+05:30,1454.449951171875,2023-09-04 12:15:00+05:30,71890.00244140625,72722.49755859375,832.4951171875,72745.00122070312,71890.00244140625,1.1893152736971173,0.0
Short Sell - Buy,1529.800048828125,2023-01-19 09:15:00+05:30,1469.5,2023-09-07 10:15:00+05:30,102496.60327148438,73490.00244140625,29006.600830078125,103125.0,65383.201171875,0.0,36.209397106854865
Buy - Sell,1469.5,2023-09-07 10:15:00+05:30,1470.75,2023-09-08 11:15:00+05:30,73475.0,73537.5,62.5,73534.99755859375,73159.99755859375,0.08165710594589996,0.0
Short Sell - Buy,1546.0999755859375,2023-01-19 10:15:00+05:30,1468.75,2023-09-08 12:15:00+05:30,102042.59838867188,73537.5,28505.098388671875,103125.0,65383.201171875,0.0,35.925581860591436
Buy - Sell,1468.75,2023-09-08 12:15:00+05:30,1475.050048828125,2023-09-11 11:15:00+05:30,73437.5,73752.50244140625,315.00244140625,73770.00122070312,73437.5,0.4527676196808511,0.0
Short Sell - Buy,1545.050048828125,2023-01-19 11:15:00+05:30,1490.5999755859375,2023-09-18 13:15:00+05:30,101973.30322265624,74725.0,27248.303222656235,103125.0,65383.201171875,0.0,35.88204058751302
Buy - Sell,1490.5999755859375,2023-09-18 13:15:00+05:30,1501.8499755859375,2023-09-21 14:15:00+05:30,74529.99877929688,75092.49877929688,562.5,75075.0,73870.00122070312,0.7312508112565765,0.0
Short Sell - Buy,1545.75,2023-01-19 12:15:00+05:30,1481.9000244140625,2023-09-25 12:15:00+05:30,102019.5,75329.55249023438,26689.947509765625,103125.0,65383.201171875,0.0,35.911074675062125
Buy - Sell,1481.9000244140625,2023-09-25 12:15:00+05:30,1449.949951171875,2023-10-04 15:15:00+05:30,75576.90124511719,73947.44750976562,-1629.4537353515625,75576.90124511719,72583.19750976562,0.0,0.0
Short Sell - Buy,1544.199951171875,2023-01-19 13:15:00+05:30,1477.4000244140625,2023-10-12 13:15:00+05:30,101917.19677734376,69581.14770507812,32336.04907226564,103125.0,65383.201171875,0.0,35.84674300381688
Buy - Sell,1477.4000244140625,2023-10-12 13:15:00+05:30,1443.9000244140625,2023-10-17 10:15:00+05:30,69437.80114746094,67863.30114746094,-1574.5,69437.80114746094,66897.44885253906,0.0,0.0
Short Sell - Buy,1539.0,2023-01-19 14:15:00+05:30,1436.550048828125,2023-10-19 11:15:00+05:30,101574.0,65892.69775390625,35681.30224609375,103125.0,65383.201171875,0.0,35.62998289732116
Buy - Sell,1436.550048828125,2023-10-19 11:15:00+05:30,1380.050048828125,2023-10-27 14:15:00+05:30,66081.30224609375,63482.30224609375,-2599.0,66099.69775390625,62525.5,0.02783768961451938,0.0
Short Sell - Buy,1536.5,2023-01-19 15:15:00+05:30,1364.5,2023-10-31 10:15:00+05:30,101409.0,62882.0,38527.0,103125.0,62525.5,0.0,38.343243696318865
Buy - Sell,1364.5,2023-10-31 10:15:00+05:30,1385.449951171875,2023-11-03 10:15:00+05:30,62767.0,63730.69775390625,963.69775390625,63631.80224609375,62284.0,1.3777976422224258,0.0
Short Sell - Buy,1561.5,2023-01-24 09:15:00+05:30,1390.5,2023-11-08 15:15:00+05:30,103059.0,61248.0,41811.0,103125.0,61182.0,0.0,40.63400576368876
Buy - Sell,1390.5,2023-11-08 15:15:00+05:30,1373.550048828125,2023-11-13 15:15:00+05:30,61182.0,60436.2021484375,-745.7978515625,61182.0,59943.39892578125,0.0,0.0
Short Sell - Buy,1562.5,2023-01-24 10:15:00+05:30,1438.0,2023-11-20 12:15:00+05:30,103125.0,54670.59814453125,48454.40185546875,102999.59838867188,54569.90185546875,0.0,47.08373153409091
Buy - Sell,1438.0,2023-11-20 12:15:00+05:30,1440.0,2023-11-21 15:15:00+05:30,54644.0,54720.0,76.0,54834.0,54539.5,0.34770514603616137,0.0
Short Sell - Buy,1560.5999755859375,2023-01-24 11:15:00+05:30,1437.3499755859375,2023-11-24 13:15:00+05:30,102999.59838867188,53250.398193359375,49749.2001953125,102396.796875,53181.94909667969,0.0,48.36683838708175
Buy - Sell,1437.3499755859375,2023-11-24 13:15:00+05:30,1457.4000244140625,2023-11-29 11:15:00+05:30,53181.94909667969,53923.80090332031,741.851806640625,53994.10180664063,52882.25,1.52712099453995,0.0
Short Sell - Buy,1563.3499755859375,2023-01-24 12:15:00+05:30,1450.3499755859375,2023-12-01 11:15:00+05:30,101617.74841308594,50732.5,50885.24841308594,102396.796875,50732.5,0.0,50.07515833379077
Buy - Sell,1450.3499755859375,2023-12-01 11:15:00+05:30,1462.5,2023-12-04 13:15:00+05:30,50762.24914550781,51187.5,425.2508544921875,51332.75085449219,50750.0,1.123870038439503,0.0
Short Sell - Buy,1555.5999755859375,2023-01-24 13:15:00+05:30,1453.949951171875,2023-12-05 15:15:00+05:30,101113.99841308594,52378.1982421875,48735.80017089844,102396.796875,49725.0,0.0,50.822832861523246
Buy - Sell,1453.949951171875,2023-12-05 15:15:00+05:30,1475.5,2023-12-06 15:15:00+05:30,52342.1982421875,53118.0,775.8017578125,53118.0,52342.1982421875,1.4821726711263885,0.0
Short Sell - Buy,1551.8499755859375,2023-01-24 14:15:00+05:30,1473.6500244140625,2023-12-12 13:15:00+05:30,100870.24841308594,61933.198974609375,38937.04943847656,102396.796875,49725.0,0.0,50.703997677922686
Buy - Sell,1473.6500244140625,2023-12-12 13:15:00+05:30,1508.0,2023-12-14 15:15:00+05:30,61893.30102539063,63336.0,1442.6989746093677,62995.80102539063,60309.89794921875,1.781291321895594,0.0
Short Sell - Buy,1550.550048828125,2023-01-24 15:15:00+05:30,1561.699951171875,2023-12-19 12:15:00+05:30,100785.75317382812,65219.698974609375,35566.05419921875,102396.796875,49725.0,0.0,50.66266963919212
Buy - Sell,1561.699951171875,2023-12-19 12:15:00+05:30,1536.4000244140625,2023-12-20 15:15:00+05:30,65591.39794921875,64528.80102539063,-1062.5969238281177,66261.30102539062,64625.39794921875,1.0213276391677426,0.0
Short Sell - Buy,1542.0999755859375,2023-01-25 09:15:00+05:30,1538.3499755859375,2023-12-21 11:15:00+05:30,100236.49841308594,64547.698974609375,35688.79943847656,102396.796875,49725.0,0.0,50.39232137272228
Buy - Sell,1538.3499755859375,2023-12-21 11:15:00+05:30,1560.4000244140625,2023-12-22 15:15:00+05:30,64610.698974609375,65536.80102539062,926.10205078125,65549.39794921875,64449.0,1.4528537680396612,0.0
Short Sell - Buy,1548.0,2023-01-25 10:15:00+05:30,1557.949951171875,2023-12-27 13:15:00+05:30,99072.0,66925.20104980469,32146.798950195312,102396.796875,49725.0,0.0,49.80922965116279
Buy - Sell,1557.949951171875,2023-12-27 13:15:00+05:30,1568.449951171875,2023-12-27 14:15:00+05:30,66991.84790039062,67443.34790039062,451.5,66991.84790039062,66991.84790039062,0.0,0.0
Short Sell - Buy,1546.449951171875,2023-01-25 11:15:00+05:30,1545.0,2023-12-29 11:15:00+05:30,98972.796875,66394.15209960938,32578.644775390625,102396.796875,49725.0,0.0,49.75892207754688
Buy - Sell,1545.0,2023-12-29 11:15:00+05:30,1535.1500244140625,2024-01-05 10:15:00+05:30,66435.0,66011.45104980469,-423.5489501953125,66865.0,64072.152099609375,0.6472491909385114,0.0
Short Sell - Buy,1548.050048828125,2023-01-25 12:15:00+05:30,1519.800048828125,2024-01-10 15:15:00+05:30,99075.203125,63840.0,35235.203125,102396.796875,49725.0,0.0,49.81085233076578
Buy - Sell,1519.800048828125,2024-01-10 15:15:00+05:30,1610.8499755859375,2024-01-12 11:15:00+05:30,63831.60205078125,67655.69897460938,3824.096923828125,67233.60205078125,62626.198974609375,5.329648466747768,0.0
Short Sell - Buy,1549.050048828125,2023-01-25 13:15:00+05:30,1642.4000244140625,2024-01-17 11:15:00+05:30,99139.203125,58962.59912109375,40176.60400390625,102396.796875,49725.0,0.0,49.84325228305087
Buy - Sell,1642.4000244140625,2024-01-17 11:15:00+05:30,1641.5,2024-01-18 12:15:00+05:30,57484.00085449219,57452.5,-31.5008544921875,57525.99914550781,57317.75085449219,0.07306083499987105,0.0
Short Sell - Buy,1543.5,2023-01-25 14:15:00+05:30,1658.5,2024-01-24 13:15:00+05:30,98784.0,43083.30126953125,55700.69873046875,102396.796875,41462.5,0.0,58.02710965338517
Buy - Sell,1658.5,2024-01-24 13:15:00+05:30,1667.800048828125,2024-01-25 12:15:00+05:30,41462.5,41695.001220703125,232.501220703125,41948.74877929688,41462.5,1.1727435135288087,0.0
Short Sell - Buy,1522.449951171875,2023-01-31 12:15:00+05:30,1655.800048828125,2024-01-29 13:15:00+05:30,95914.34692382812,41447.50061035156,54466.84631347656,102396.796875,41288.751220703125,0.0,56.95247630316116
Buy - Sell,1655.800048828125,2024-01-29 13:15:00+05:30,1653.5,2024-01-30 15:15:00+05:30,41395.001220703125,41337.5,-57.501220703125,42141.25061035156,41277.49938964844,1.802752428172925,0.0
Short Sell - Buy,1522.0,2023-01-31 13:15:00+05:30,1661.550048828125,2024-01-31 14:15:00+05:30,95886.0,38058.098876953125,57827.901123046875,102396.796875,36554.10107421875,0.0,61.87754096091322
Buy - Sell,1661.550048828125,2024-01-31 14:15:00+05:30,1655.199951171875,2024-02-01 14:15:00+05:30,36554.10107421875,36414.39892578125,-139.7021484375,36786.19946289063,36513.39892578125,0.6349448676104334,0.0
Short Sell - Buy,1540.5,2023-01-31 14:15:00+05:30,1684.699951171875,2024-02-08 10:15:00+05:30,97051.5,32203.100463867188,64848.39953613281,102396.796875,32009.299072265625,0.0,67.01823354377251
Buy - Sell,1684.699951171875,2024-02-08 10:15:00+05:30,1674.449951171875,2024-02-13 09:15:00+05:30,32009.299072265625,31814.549072265625,-194.75,32167.0,31565.64953613281,0.4926722305863129,0.0
Short Sell - Buy,1533.0,2023-01-31 15:15:00+05:30,1644.5999755859375,2024-02-14 09:15:00+05:30,98112.0,31926.64953613281,66185.35046386719,102396.796875,31247.39953613281,0.0,68.15129695028864
Buy - Sell,1644.5999755859375,2024-02-14 09:15:00+05:30,1698.0,2024-02-16 09:15:00+05:30,31247.39953613281,32262.0,1014.6004638671911,31938.049072265625,31160.95092773437,2.2102624422687915,0.0
Short Sell - Buy,1534.949951171875,2023-02-01 09:15:00+05:30,1683.3499755859375,2024-02-20 11:15:00+05:30,98236.796875,43518.80126953125,54717.99560546875,102396.796875,30564.0,0.0,68.88742205337708
Buy - Sell,1683.3499755859375,2024-02-20 11:15:00+05:30,1678.9000244140625,2024-02-23 11:15:00+05:30,43767.099365234375,43651.400634765625,-115.69873046875,43908.80126953125,42835.0,0.3237635263748673,0.0
Short Sell - Buy,1536.3499755859375,2023-02-01 10:15:00+05:30,1661.699951171875,2024-02-26 14:15:00+05:30,98326.3984375,41501.251220703125,56825.147216796875,102396.796875,30564.0,0.0,68.91577390640659
Buy - Sell,1661.699951171875,2024-02-26 14:15:00+05:30,1674.6500244140625,2024-02-28 10:15:00+05:30,41542.49877929688,41866.25061035156,323.7518310546802,41987.5,41371.24938964844,1.0711951225353071,0.0
Short Sell - Buy,1552.9000244140625,2023-02-01 14:15:00+05:30,1664.4000244140625,2024-03-01 09:15:00+05:30,99385.6015625,40182.0,59203.6015625,102396.796875,30564.0,0.0,69.24705438264172
Buy - Sell,1664.4000244140625,2024-03-01 09:15:00+05:30,1617.449951171875,2024-03-07 14:15:00+05:30,39945.6005859375,38818.798828125,-1126.8017578125,40071.6005859375,37870.798828125,0.31542897879061355,0.0
Short Sell - Buy,1546.0,2023-02-01 15:15:00+05:30,1600.5999755859375,2024-03-11 15:15:00+05:30,98944.0,36774.70056152344,62169.29943847656,102396.796875,30564.0,0.0,69.10979948253558
Buy - Sell,1600.5999755859375,2024-03-11 15:15:00+05:30,1614.4000244140625,2024-03-12 15:15:00+05:30,36813.79943847656,37131.20056152344,317.401123046875,37331.29943847656,36813.79943847656,1.4057228753713644,0.0
Short Sell - Buy,1575.0999755859375,2023-02-02 09:15:00+05:30,1617.800048828125,2024-03-18 10:15:00+05:30,99231.29846191406,16207.5,83023.79846191406,102396.796875,16178.00048828125,0.0,83.6966756063456
Buy - Sell,1617.800048828125,2024-03-18 10:15:00+05:30,1507.949951171875,2024-03-28 12:15:00+05:30,16178.00048828125,15079.49951171875,-1098.5009765625,16220.0,14835.50048828125,0.25960879250296043,0.0
Short Sell - Buy,1580.4000244140625,2023-02-02 10:15:00+05:30,1486.9000244140625,2024-04-02 10:15:00+05:30,99565.20153808594,19343.34936523437,80221.85217285156,102396.796875,13544.549560546877,0.0,86.39630176878035
Buy - Sell,1486.9000244140625,2024-04-02 10:15:00+05:30,1487.9000244140625,2024-04-04 13:15:00+05:30,20816.600341796875,20830.600341796875,14.0,20868.399658203125,20599.600341796875,0.24883658020874852,0.0
Short Sell - Buy,1579.6500244140625,2023-02-02 11:15:00+05:30,1489.0,2024-04-04 15:15:00+05:30,99517.95153808594,20797.0,78720.95153808594,102396.796875,13544.549560546877,0.0,86.38984288642304
Buy - Sell,1489.0,2024-04-04 15:15:00+05:30,1479.0,2024-04-05 14:15:00+05:30,20846.0,20706.0,-140.0,20846.0,20720.70068359375,0.0,0.0
Short Sell - Buy,1575.949951171875,2023-02-02 12:15:00+05:30,1479.300048828125,2024-04-08 12:15:00+05:30,99284.84692382812,20751.5,78533.34692382812,102396.796875,13544.549560546877,0.0,86.35788845911367
Buy - Sell,1479.300048828125,2024-04-08 12:15:00+05:30,1509.5999755859375,2024-04-09 10:15:00+05:30,22189.500732421875,22643.999633789062,454.4989013671875,22609.500732421875,22150.499267578125,1.8927870665711868,0.0
Short Sell - Buy,1577.449951171875,2023-02-02 13:15:00+05:30,1498.449951171875,2024-04-12 11:15:00+05:30,99379.34692382812,27000.0,72379.34692382812,102396.796875,13544.549560546877,0.0,86.37086076755118
Buy - Sell,1498.449951171875,2024-04-12 11:15:00+05:30,1487.8499755859375,2024-04-12 13:15:00+05:30,26972.09912109375,26781.299560546875,-190.799560546875,26972.09912109375,26743.5,0.0,0.0
Short Sell - Buy,1586.550048828125,2023-02-02 14:15:00+05:30,1475.3499755859375,2024-04-15 09:15:00+05:30,99952.65307617188,26725.5,73227.15307617188,102396.796875,13544.549560546877,0.0,86.44903447412761
Buy - Sell,1475.3499755859375,2024-04-15 09:15:00+05:30,1411.25,2024-04-19 14:15:00+05:30,28031.64953613281,26813.75,-1217.8995361328089,28031.64953613281,26505.0,0.0,0.0
Short Sell - Buy,1583.75,2023-02-02 15:15:00+05:30,1411.25,2024-04-19 15:15:00+05:30,99776.25,26813.75,72962.5,102396.796875,13544.549560546877,0.0,86.42507654822978
Buy - Sell,1411.25,2024-04-19 15:15:00+05:30,1434.8499755859375,2024-04-22 15:15:00+05:30,26813.75,27262.14953613281,448.39953613280886,27205.14953613281,26813.75,1.4596971185783745,0.0
Short Sell - Buy,1589.5,2023-02-03 09:15:00+05:30,1436.199951171875,2024-04-25 09:15:00+05:30,100138.5,27238.39953613281,72900.10046386719,102396.796875,13544.549560546877,0.0,86.4741836950355
Buy - Sell,1436.199951171875,2024-04-25 09:15:00+05:30,1438.550048828125,2024-04-26 10:15:00+05:30,27287.799072265625,27332.45092773437,44.65185546874636,27421.75,27264.049072265625,0.49088212420369987,0.0
Short Sell - Buy,1589.0,2023-02-03 10:15:00+05:30,1435.25,2024-04-29 11:15:00+05:30,100107.0,28676.99951171875,71430.00048828125,102396.796875,13544.549560546877,0.0,86.46992761690304
Buy - Sell,1435.25,2024-04-29 11:15:00+05:30,1431.5999755859375,2024-04-30 13:15:00+05:30,28705.0,28631.99951171875,-73.00048828125,28760.0,28610.0,0.19160425013063925,0.0
Short Sell - Buy,1592.8499755859375,2023-02-03 11:15:00+05:30,1419.449951171875,2024-04-30 14:15:00+05:30,100349.54846191406,28631.99951171875,71717.54895019531,102396.796875,13544.549560546877,0.0,86.5026302876814
Buy - Sell,1419.449951171875,2024-04-30 14:15:00+05:30,1430.949951171875,2024-05-06 12:15:00+05:30,29808.44897460937,30049.94897460937,241.5,30149.69897460937,29571.150512695312,1.144809648736418,0.0
Short Sell - Buy,1598.25,2023-02-03 12:15:00+05:30,1435.0,2024-05-08 11:15:00+05:30,100689.75,24361.0,76328.75,102396.796875,13544.549560546877,0.0,86.54823399546937
Buy - Sell,1435.0,2024-05-08 11:15:00+05:30,1432.0,2024-05-08 13:15:00+05:30,22960.0,22912.0,-48.0,22986.400390625,22960.0,0.11498427972560976,0.0
Short Sell - Buy,1595.0,2023-02-03 13:15:00+05:30,1439.5,2024-05-09 14:15:00+05:30,100485.0,21612.000732421875,78872.99926757812,102396.796875,13544.549560546877,0.0,86.5208244409147
Buy - Sell,1439.5,2024-05-09 14:15:00+05:30,1425.0,2024-05-10 14:15:00+05:30,21592.5,21375.0,-217.5,21592.5,21299.249267578125,0.0,0.0
Short Sell - Buy,1598.5,2023-02-03 14:15:00+05:30,1415.0,2024-05-13 09:15:00+05:30,100705.5,21390.0,79315.5,102396.796875,13544.549560546877,0.0,86.55033780623017
Buy - Sell,1415.0,2024-05-13 09:15:00+05:30,1425.0,2024-05-14 14:15:00+05:30,21225.0,21375.0,150.0,21463.500366210938,21225.0,1.123676637036219,0.0
Short Sell - Buy,1599.4000244140625,2023-02-03 15:15:00+05:30,1439.9000244140625,2024-05-21 12:15:00+05:30,100762.20153808594,18650.45031738281,82111.75122070312,102396.796875,13544.549560546877,0.0,86.55790628450359
Buy - Sell,1439.9000244140625,2024-05-21 12:15:00+05:30,1455.050048828125,2024-05-22 14:15:00+05:30,18718.70031738281,18915.650634765625,196.95031738281614,18957.25,18643.95031738281,1.2743923379961692,0.0
Short Sell - Buy,1575.9000244140625,2023-02-06 09:15:00+05:30,1477.4000244140625,2024-05-27 11:15:00+05:30,100857.6015625,19099.59936523437,81758.00219726562,102396.796875,13544.549560546877,0.0,86.57062100356063
Buy - Sell,1477.4000244140625,2024-05-27 11:15:00+05:30,1469.9000244140625,2024-05-28 09:15:00+05:30,19206.20031738281,19108.70031738281,-97.5,19206.20031738281,19120.400634765625,0.0,0.0
Short Sell - Buy,1569.75,2023-02-06 10:15:00+05:30,1455.75,2024-05-29 10:15:00+05:30,100464.0,18965.70031738281,81498.29968261719,102396.796875,13544.549560546877,0.0,86.51800688749515
Buy - Sell,1455.75,2024-05-29 10:15:00+05:30,1426.300048828125,2024-06-05 13:15:00+05:30,18924.75,18541.900634765625,-382.849365234375,18924.75,17960.150634765625,0.0,0.0
Short Sell - Buy,1566.0999755859375,2023-02-06 11:15:00+05:30,1504.25,2024-06-11 10:15:00+05:30,100230.3984375,18012.6005859375,82217.7978515625,102396.796875,13544.549560546877,0.0,86.48658513615233
Buy - Sell,1504.25,2024-06-11 10:15:00+05:30,1489.9000244140625,2024-06-14 12:15:00+05:30,18051.0,17878.80029296875,-172.19970703125,18063.6005859375,17824.19970703125,0.06980547303473492,0.0
Short Sell - Buy,1567.050048828125,2023-02-06 12:15:00+05:30,1500.25,2024-06-18 10:15:00+05:30,100291.203125,17979.0,82312.203125,102396.796875,13544.549560546877,0.0,86.49477806775799
Buy - Sell,1500.25,2024-06-18 10:15:00+05:30,1500.0999755859375,2024-06-18 13:15:00+05:30,18003.0,18001.19970703125,-1.80029296875,18036.6005859375,18001.19970703125,0.1866388154057657,0.0
Short Sell - Buy,1571.4000244140625,2023-02-06 13:15:00+05:30,1525.4000244140625,2024-06-25 09:15:00+05:30,100569.6015625,16786.0,83783.6015625,102396.796875,13544.549560546877,0.0,86.53216344689456
Buy - Sell,1525.4000244140625,2024-06-25 09:15:00+05:30,1540.199951171875,2024-06-25 15:15:00+05:30,16779.400268554688,16942.199462890625,162.7991943359375,16981.25,16779.400268554688,1.2029615374489129,0.0
Short Sell - Buy,1570.550048828125,2023-02-06 14:15:00+05:30,1657.8499755859375,2024-07-08 11:15:00+05:30,100515.203125,16589.000244140625,83926.20288085938,102396.796875,13544.549560546877,0.0,86.52487470606515
Buy - Sell,1657.8499755859375,2024-07-08 11:15:00+05:30,1652.0,2024-07-08 13:15:00+05:30,16578.499755859375,16520.0,-58.499755859375,16586.99951171875,16578.499755859375,0.05126975290011337,0.0
Short Sell - Buy,1599.75,2023-02-08 11:15:00+05:30,1646.5999755859375,2024-07-10 12:15:00+05:30,102384.0,16442.5,85941.5,102396.796875,13544.549560546877,0.0,86.77083376255385
Buy - Sell,1646.5999755859375,2024-07-10 12:15:00+05:30,1688.0,2024-07-12 09:15:00+05:30,16465.999755859375,16880.0,414.000244140625,16535.999755859375,16406.99951171875,0.42511843215041173,0.0
Short Sell - Buy,1599.550048828125,2023-02-08 12:15:00+05:30,1809.5999755859373,2024-07-23 11:15:00+05:30,102371.203125,27180.750732421875,75190.45239257812,102396.796875,13544.549560546877,0.0,86.76918005544162
Buy - Sell,1809.5999755859373,2024-07-23 11:15:00+05:30,1805.4000244140625,2024-07-23 12:15:00+05:30,27143.999633789062,27081.000366210938,-62.999267578125,27143.999633789062,27143.999633789062,0.0,0.0
Short Sell - Buy,1596.800048828125,2023-02-08 13:15:00+05:30,1826.3499755859373,2024-07-25 15:15:00+05:30,102195.203125,31000.350830078125,71194.85229492188,102396.796875,13544.549560546877,0.0,86.74639401227094
Buy - Sell,1826.3499755859373,2024-07-25 15:15:00+05:30,1864.800048828125,2024-07-26 10:15:00+05:30,31047.949584960938,31701.600830078125,653.6512451171875,31893.699584960938,31047.949584960938,2.7240124108216985,0.0
Short Sell - Buy,1588.8499755859375,2023-02-08 14:15:00+05:30,1865.5999755859373,2024-07-30 12:15:00+05:30,101686.3984375,28046.25,73640.1484375,102396.796875,13544.549560546877,0.0,86.6800774059553
Average,,,,,,,,,,0.36621199706438146,23.235996047579686
